filename,url
Frowning-Nun.jpg,http://drive.google.com/uc?export=view&id=12IPW_ksqft9UtMxmpZE9S_fcbYXRXBml
Butthurt-Dweller.jpg,http://drive.google.com/uc?export=view&id=13BBUP2K--F_E2GNcJzl5fIHjGnC76Q23
Crack-head.jpg,http://drive.google.com/uc?export=view&id=13GWVKaWMQqNYqGPxiF4Wpe_49Tbn-97J
BREAKING-NEWS.jpg,http://drive.google.com/uc?export=view&id=13p4Ywu7RAW7vVQpWyODgoLY94UCkrj63
Needs-More-Cowbell.jpg,http://drive.google.com/uc?export=view&id=142yjLA6t80Vy4M1rwLL3jXSWq9ElT6r-
Suspicious-Cat.jpg,http://drive.google.com/uc?export=view&id=14fak86rd9YPqj1GfbVsxxn3WKlie-eW0
Special-Officer-Doofy.jpg,http://drive.google.com/uc?export=view&id=15sGL6Ak1ho2O8z1GV-SbdKzMdBvJqR4s
Gangnam-Style2.jpg,http://drive.google.com/uc?export=view&id=15t_EqXd8GoAa0VvXZhL4TagJBxWYA-uH
Dick-Cheney.jpg,http://drive.google.com/uc?export=view&id=16bP3yUIxtDv8Xsj_bBDdrGpolhM4WLQM
Scumbag-Daylight-Savings-Time.jpg,http://drive.google.com/uc?export=view&id=17QLV-uXZdvKhgRMiprGzyhKdyGwlF0PR
Fabulous-Frank-And-His-Snake.jpg,http://drive.google.com/uc?export=view&id=18mGyGwtHTfQ0Ahj6hFXNwqI6yykFCz1Q
Show-me-the-money.jpg,http://drive.google.com/uc?export=view&id=19iLZxo3nkXTgHCrh5l7so-YrcFGgq0WB
RPG-Fan.jpg,http://drive.google.com/uc?export=view&id=19pHf4HhbdQ66ueVD-8PacNPMbOYGK8Z5
Hipster-Barista.jpg,http://drive.google.com/uc?export=view&id=1ADdxYrDX9abgecvbJz-75pvx79aDQkzs
You-The-Real-MVP-2.jpg,http://drive.google.com/uc?export=view&id=1AiWtbcA1VUzEbDTkyVBlgSEdyyoI8nBf
Take-A-Seat-Cat.jpg,http://drive.google.com/uc?export=view&id=1AxISeZ05S8dpoIu1PtJ0yYHy-_z2vTIA
Foal-Of-Mine.jpg,http://drive.google.com/uc?export=view&id=1BBXDzlGeQxB-bRWMDP7ZFIQp2uZvBLH1
Beard-Baby.jpg,http://drive.google.com/uc?export=view&id=1Cg8NB4lMGRk40elXnUMTlzulBZHEYSa0
Cabin-the-the-woods.jpg,http://drive.google.com/uc?export=view&id=1D9QarV3R7Md6e6X2yl0mktdJDlq1YS7B
Sigmund-Freud.jpg,http://drive.google.com/uc?export=view&id=1DD3O7dYLKz7emejCHnD9aQcBtW7wbXeu
Ceiling-Cat.jpg,http://drive.google.com/uc?export=view&id=1DLBZVQvf9m1I_uCHW1uZ8IyyhF4EqxH9
I-Too-Like-To-Live-Dangerously.jpg,http://drive.google.com/uc?export=view&id=1DdsQ1eAV5itsgIaom_dSkbXxWiUNuxym
Thats-my-secret.jpg,http://drive.google.com/uc?export=view&id=1EN8ovTSSyvcQ8eNUQMxRZFcNl03hAx7Q
Idiotaco.jpg,http://drive.google.com/uc?export=view&id=1FW3EMtpvn6PG0uDmKMhXMZTMs8Q7Jfl9
Sadly-I-Am-Only-An-Eel.jpg,http://drive.google.com/uc?export=view&id=1FeVd_iKBVD7Rfj4tqGDBxqjexAC99pE_
Its-fine.jpg,http://drive.google.com/uc?export=view&id=1H-9NB0_rgsTICmod9mIY8wDoHugLkShN
Licking-lips.png,http://drive.google.com/uc?export=view&id=1HTgjOP2kSBHoIM4YiF1BUcxLKIRelR8h
Intelligent-Dog.jpg,http://drive.google.com/uc?export=view&id=1HzIC7bQWN85OG7WgtYhm63-v4aGB-g2f
Father-Ted.jpg,http://drive.google.com/uc?export=view&id=1KNMqwgWchyeDY2CPzb3LffHy8nVoM77Z
Overly-Attached-Father.jpg,http://drive.google.com/uc?export=view&id=1KPPwtIHhVq19z0c_aHgT647uJeEII4Nh
Second-Breakfast.jpg,http://drive.google.com/uc?export=view&id=1KpPQdJQxZ3xJr8qAz28EyFR252oPxGhs
Gangster-Baby.jpg,http://drive.google.com/uc?export=view&id=1LAdlDXmbRAEtslN_x91TnGNke_nzgsYF
Shutup-Batty-Boy.jpg,http://drive.google.com/uc?export=view&id=1Lvo-ZuOf7Tcdd5Rd7tU0hFwSnyvlFra1
Family-Guy-Brian.jpg,http://drive.google.com/uc?export=view&id=1M_R7mb-tJqOxxd-1TPd9a9evFcc2NmMh
Professor-Farnsworth-Good-News-Everyone.jpg,http://drive.google.com/uc?export=view&id=1OPkQC93yYj4Qj5WM-HqBxMTviC_0rGMi
Crying-cat-2.jpg,http://drive.google.com/uc?export=view&id=1OQFicKwFY7kV3qNTMb32pCVIyJ_ThPkf
Cute-Cat.jpg,http://drive.google.com/uc?export=view&id=1PDaVUqzhns3Mul1EbFTTzNDmK1Xe14ih
Dont-You-Squidward.jpg,http://drive.google.com/uc?export=view&id=1PphC2p9OgbhbOGZJk0oPnIEAdK1jxVJf
Paul-Wonder-Years.jpg,http://drive.google.com/uc?export=view&id=1Q7Q4ClwycUa1iAvEsO4TKbGrOs1fo4qe
Sudden-Disgust-Danny.jpg,http://drive.google.com/uc?export=view&id=1QBQ9r0Q22DSsf61UCAPaKhOx0AdzWA-5
khan.jpg,http://drive.google.com/uc?export=view&id=1Q_oLZI_n5z5WiRn1wmskQcCd58bsnHFl
Steve-Buscemi-Fellow-Kids.jpg,http://drive.google.com/uc?export=view&id=1QykpEhkGD0R27oieyZnUDpxkwuPSI8aO
Waiting-Skeleton.jpg,http://drive.google.com/uc?export=view&id=1RBGY3MM-3lIwQN2NnBgn4zmv5pFodCA8
Beyonce-Superbowl-Yell.jpg,http://drive.google.com/uc?export=view&id=1SAqhp8x-gRtVl-HXTuOYQdYkm3sYhf_q
Ugly-Twins.jpg,http://drive.google.com/uc?export=view&id=1SN2Kk6brgWztTMTrkOwdbDj-D84msuof
Evil-Baby.jpg,http://drive.google.com/uc?export=view&id=1SidOyq4MZlxbvTn-HCNN4KS1nDdRg9a7
There-is-no-war-in-ba-sing-se.png,http://drive.google.com/uc?export=view&id=1Sk9OUD8ze6ZFw7_-M_7Y7yKP4mIW0Txy
Emperor-Palpatine.jpg,http://drive.google.com/uc?export=view&id=1SsNzX4QSRLBVyHtfkIKJEoLDwmqLLg41
The-Most-Interesting-Man-In-The-World.jpg,http://drive.google.com/uc?export=view&id=1T8AYOpfzViwA0BXij4AIbQEXAz2FiU63
Arrogant-Rich-Man.jpg,http://drive.google.com/uc?export=view&id=1UAyHcYxQd4zo5Tv-0tTov3SJrN3_fH_X
Are-Your-Parents-Brother-And-Sister.jpg,http://drive.google.com/uc?export=view&id=1UFt6_1TGj-LuVp0ovnWJOcJZc5-AxgXD
Robots.jpg,http://drive.google.com/uc?export=view&id=1UdGpNGUKKPiMPjJJttOzxcKgSnPPYV6G
Is-mayonnaise-an-instrument.jpg,http://drive.google.com/uc?export=view&id=1VT3m5XGglKLoGpg5e0x3xbeVihW2FeUE
Hide-Yo-Kids-Hide-Yo-Wife.jpg,http://drive.google.com/uc?export=view&id=1WA98EFXOYP77GHL4dlu-G_J86aLHohkz
Grumpy-Cat-Not-Amused.jpg,http://drive.google.com/uc?export=view&id=1WLMMAtSoRDqTb2TMkQXNC7ICLosZEU9D
Troll-Face-Colored.jpg,http://drive.google.com/uc?export=view&id=1WRw348eQhjlgc_XIWgSPWCaxmwFs6VOa
McKayla-Maroney-Not-Impressed.jpg,http://drive.google.com/uc?export=view&id=1XVvj4DJ3nLZ3D_9bx900y8fGkm6V3ZKA
High-Dog.jpg,http://drive.google.com/uc?export=view&id=1XmFMVMlbbigeTL1_eHBcVqWSdC-WtFJR
Big-Bird-And-Snuffy.jpg,http://drive.google.com/uc?export=view&id=1YsDW7jwXho5ZXPeK3mNIs06hEVvrS_Re
Oblivious-Hot-Girl.jpg,http://drive.google.com/uc?export=view&id=1Z7oI_uAceeHuUcIhulZ8UIZCM48Uw8eX
Big-Bird.jpg,http://drive.google.com/uc?export=view&id=1ZDfGZ5GUmF4D4BKV6hvRoPgqxfPFe3G_
Anime-wall-punch.jpg,http://drive.google.com/uc?export=view&id=1ZpvkCLXG76f1QjYNw2TKPRB7XGJyz-1x
laughing-kid.jpg,http://drive.google.com/uc?export=view&id=1_FDS956UNGgq5H5YO5d7RUAp_utJ7LF5
Fim-De-Semana.jpg,http://drive.google.com/uc?export=view&id=1_MDSFSBID89AF0k1CA-3A0minyfHH4F7
Criana.jpg,http://drive.google.com/uc?export=view&id=1_aVhhTtBXR0KCiyHLazOAH58vuGKCK6Z
rod-serling-twilight-zone.jpg,http://drive.google.com/uc?export=view&id=1_y6elBZt6MAyuHVHquwJJ9tuHqS2IE44
Triggered-Liberal.jpg,http://drive.google.com/uc?export=view&id=1aRXsCuNzDbj8O_u9L6x1v-1cX0QA1n8A
Lil-Wayne.jpg,http://drive.google.com/uc?export=view&id=1auTXojOFTGfp2aG8GF1R25w4KfIg9UaQ
Okay-Guy-Rage-Face2.jpg,http://drive.google.com/uc?export=view&id=1bJlCfC19nJRHJUygv9vh5DKJkYnk9TqI
Socially-Awkward-Penguin.jpg,http://drive.google.com/uc?export=view&id=1cG5jDJvOvjDYzvSTaRO4CSzs6rz6m3Je
And-Then-He-Said.jpg,http://drive.google.com/uc?export=view&id=1cUPSE8_ruVHDdiuGWlEZEhFOB-on_Lfr
Darth-Maul.jpg,http://drive.google.com/uc?export=view&id=1d-DvpSbTnxk1A82S0Bw0nfR5_0c5mXXO
First-Day-On-The-Internet-Kid.jpg,http://drive.google.com/uc?export=view&id=1dCsL7VzAYh_zpR6DpN0t7m2-QQ9ASk1O
Tom-Hardy-.jpg,http://drive.google.com/uc?export=view&id=1eia3kLTMxCxM_v5qvwd1QUvNYQNo4w_g
crying-cat.jpg,http://drive.google.com/uc?export=view&id=1f50k9oM-rsYcpMX9dxaEgJUY66ZOfff2
Hamtaro.jpg,http://drive.google.com/uc?export=view&id=1fPzbZRLqlLH3KZt_fvl8xZO5gR6RTi9H
Ryan-Gosling.jpg,http://drive.google.com/uc?export=view&id=1fhuG3lNn3ZFzKj8PhPX6MC_0qeXlBiVN
Memeo.jpg,http://drive.google.com/uc?export=view&id=1g-5oTsyrY2WYLX8hV2xf5WQ7WasW0Fls
Kobe.jpg,http://drive.google.com/uc?export=view&id=1gFdNy3I9E4kcO5kA49uue_oOpRgHvclA
Liam-Neeson-Taken.jpg,http://drive.google.com/uc?export=view&id=1hpcGLykGpfGchTw9WEgR7TmuOC_IQiWj
College-Freshman.jpg,http://drive.google.com/uc?export=view&id=1hv_4V1az6WARZPbDryj_bcBGWV7DGdS-
Suprised-Patrick.jpg,http://drive.google.com/uc?export=view&id=1iOfjxfWvWOpuFnE23eb4Ca2R8F5cFGRy
Success-Kid-Girl.jpg,http://drive.google.com/uc?export=view&id=1ooFmhhtO3QaWfBEmjbhEYgQZhfJDC0hR
Skeleton-Computer.jpg,http://drive.google.com/uc?export=view&id=1qGpQ72zFT6Lgxqjo4PKPRjYbf5krDX2Q
Futurama-Fry.jpg,http://drive.google.com/uc?export=view&id=1qPy_vQNko752240jZKAoxcUgFXGvBuNH
Efrain-Juarez.jpg,http://drive.google.com/uc?export=view&id=1rxt7sW6xGSGUrWaD4ElQ8Sb1pqcAhJY3
Hoody-Cat.jpg,http://drive.google.com/uc?export=view&id=1s6CFi1dd1GAfaUg-S9APQ4JrELIxESsi
Trying-to-explain.jpg,http://drive.google.com/uc?export=view&id=1sHqNTi_qqK_QcP4b18dDJEYLp4TEW3zP
You-The-Real-MVP.jpg,http://drive.google.com/uc?export=view&id=1seeHe4ZzBZ1GbfdsX1crxan89aSuuz1g
Look-Marge.jpg,http://drive.google.com/uc?export=view&id=1slYIhBmPYqEHHEUwEBUfNayg0S8GJ5tp
Awkward-smiling-old-man.jpg,http://drive.google.com/uc?export=view&id=1syHY3xYXqvKGl6jDfrYrAKUJyn0HJ9Vh
Officer-Cartman.jpg,http://drive.google.com/uc?export=view&id=1t61b80V2g88td97rYic5y3b_uIc6isoT
Charlie-Day.jpg,http://drive.google.com/uc?export=view&id=1vLEdVuBTKr9WvBLG2qn4VxPXQkpPr1nF
girl-running.jpg,http://drive.google.com/uc?export=view&id=1vMSrnl5l03V_IDWvGQTSjIbeFNIvjcC1
Not-sure-if--fry.jpg,http://drive.google.com/uc?export=view&id=1vUTLn8Be2hH83asDN3KniKnyZ4NQs3GG
Angry-Birds-Pig.jpg,http://drive.google.com/uc?export=view&id=1wljfk6se22Wxm1TgYD7WXN7mc0PVJ7of
Matrix-Morpheus.jpg,http://drive.google.com/uc?export=view&id=1x9FHd2IZm4Xf7mZpOSXu_sDVCjJO5aU4
You-keep-using-that-word.jpg,http://drive.google.com/uc?export=view&id=1xKLsLJbcj2U2d7EJ_dlkIJgo9fBFrKsy
Waterboy-Kathy-Bates-Devil.jpg,http://drive.google.com/uc?export=view&id=1xmT8CCU2R-6vTnTUnCzHv60u6ZiRpGeS
Picard-Wtf.jpg,http://drive.google.com/uc?export=view&id=1zzekICyw83cU8h4E6fv3MAcnuNUumzQT
Innocent-Sasha.jpg,http://drive.google.com/uc?export=view&id=1-2gl1gPoQl0kw2NgqNWkHagFEzlTRWBV
Smirk-Rage-Face.jpg,http://drive.google.com/uc?export=view&id=1-LLvBI-AocCywh-x--T46rIZRiqUUgb4
Grumpy-Cat-Bed.jpg,http://drive.google.com/uc?export=view&id=106sII2YtN7yPgvIbb7Y1zfLip4kZmOoK
Skeptical-Swardson.jpg,http://drive.google.com/uc?export=view&id=10YD005zFrSHF8z3IM4jjs5W9pmBiouwr
Solemn-Lumberjack.jpg,http://drive.google.com/uc?export=view&id=10rDmoFFxYsin5k_zVOmIT1CWyI5G8gq9
mike-tyson.jpg,http://drive.google.com/uc?export=view&id=11KWAGX6TE3Rk385uPeVvMJ902ikrmUOl
Woah-Kitty.jpg,http://drive.google.com/uc?export=view&id=1213uXdMUPrHyc2pvrUczjjrmp8gRxLSB
wolf-of-wallstreet.jpg,http://drive.google.com/uc?export=view&id=12TKgK8uuvG9U3w4TYMLY6fU-eYETYwep
Sidious-Error.jpg,http://drive.google.com/uc?export=view&id=14Cg_5SENMe3DAykyq-wtVhcWihml25MK
Original-Bad-Luck-Brian.jpg,http://drive.google.com/uc?export=view&id=14PT_aq7YzR9h3zbmptnkavB0V-I2w7fL
Chuck-Norris-Finger.jpg,http://drive.google.com/uc?export=view&id=14T3E0UG_5P5_fF9OxryZroJBBNmHd727
Black-guy-hiding-behind-tree.png,http://drive.google.com/uc?export=view&id=151dVd9Dq3ireA0A-xm6cxS-EbLAjp-s0
mr-bean.jpg,http://drive.google.com/uc?export=view&id=18A1CVxkLJlvCVc4FLqlCCw4D3dqHBmkX
Scrooge-McDuck.jpg,http://drive.google.com/uc?export=view&id=194a4VG7O81grDpzLhOJpxkOHlaWhZitw
Grandma-Finds-The-Internet.jpg,http://drive.google.com/uc?export=view&id=19i4xQ2n_L6nrN9OeK-2IxewSIzbfXPlY
Deep-Thoughts.jpg,http://drive.google.com/uc?export=view&id=1Aq2udqvjb-0Pd2Ohl46tL-RShf3kEPQr
Sergeant-Hartmann.jpg,http://drive.google.com/uc?export=view&id=1BYxMPLETZIEkVvZr18UVupM9YwV6hefV
Sparta-Leonidas.jpg,http://drive.google.com/uc?export=view&id=1BbrusAD1jhRA0XwYaurWrW1CKvPuN3pP
Edna-Mode-No-Capes.jpg,http://drive.google.com/uc?export=view&id=1DVmQX5yUhgnChaXNUf-TmwjdPeHiweDD
Hora-Extra.jpg,http://drive.google.com/uc?export=view&id=1DouG4Xfl68QnX5blQpSUU0S8VknK5LNp
Calling-the-police.jpg,http://drive.google.com/uc?export=view&id=1EOCR6zJXoSy6dFv11S3kWHfZcqF7VvVD
Young-Cardi-B.jpg,http://drive.google.com/uc?export=view&id=1EYtuQRXQrN_nshYhkR-I1owOCrMUOcXN
Pinky-and-the-brain.jpg,http://drive.google.com/uc?export=view&id=1EfvYcH2K4MGIWvAkA88GY0ApII7BCVou
Yeah-if-you-could.jpg,http://drive.google.com/uc?export=view&id=1EgJCagUa8cGipoOkcutKN8iXSUaGX1lU
Lion-King.jpg,http://drive.google.com/uc?export=view&id=1FujxUWpyb84ETBkxjsUmCT5a7iNBeiSw
Grumpy-Cat-Mistletoe.jpg,http://drive.google.com/uc?export=view&id=1GfEu4XAtg7JlZLCHYRpk5ic-ChB0JcAh
Annoying-Childhood-Friend.jpg,http://drive.google.com/uc?export=view&id=1H3Mo2lo3xDkhdJQ1-auBjuaYyuM0N5LQ
crying-peter-parker.jpg,http://drive.google.com/uc?export=view&id=1HJn1C9eUm4z9ZfaUYKNwGYAmTEFnYY-v
Bernie-sitting.jpg,http://drive.google.com/uc?export=view&id=1HMxAGiK1aKleJPKtDIZaFSDM0rV9NEC1
Superior-Wadsworth.jpg,http://drive.google.com/uc?export=view&id=1Jfuq146xMVMjgXIoexXrsdCssHmG1XRk
Bad-Joke-Eel.jpg,http://drive.google.com/uc?export=view&id=1JuqvIF24QRr1S5hcGFKGQWBRcl8NJ43s
A-center-for-ants.jpg,http://drive.google.com/uc?export=view&id=1LCYzIyvJCZ1A14ISv5SXahw3zh6yNhrg
Homophobic-Seal.jpg,http://drive.google.com/uc?export=view&id=1LM8Y9DUMOPg1KDGfRvSMIN8_IVpTBjne
Cat-newspaper.jpg,http://drive.google.com/uc?export=view&id=1LR67ozZ1EusrfauiQuZAWfdp0ZkLsAGo
I-Have-No-Idea-What-I-Am-Doing.jpg,http://drive.google.com/uc?export=view&id=1MQIVXHCO91s4gD1qNQXqGrxR7sRIwvB7
Happy-Picard.jpg,http://drive.google.com/uc?export=view&id=1MRFqvmuF_--NnL-fpANPLaAPvA_RNQpq
Cold.jpg,http://drive.google.com/uc?export=view&id=1NLOAqwL5EA00LGos9NRk-r4RxsUjTf69
Deadpool-Surprised.jpg,http://drive.google.com/uc?export=view&id=1OBChSkQKO4mlNixQa_k7k3bHSaIuODBC
Aliens-Guy.jpg,http://drive.google.com/uc?export=view&id=1P9DNJzi4ZnzzLBdr4iH1U5PX4FWalNbb
Minegishi-Minami.jpg,http://drive.google.com/uc?export=view&id=1PSvWMzh9oiHuK5OPhAEmWIN36WD7VXRu
Gandhi.jpg,http://drive.google.com/uc?export=view&id=1QGPBMsMiAWd4iIppUDKRtuEJb292zzLg
Get-In-Loser.jpg,http://drive.google.com/uc?export=view&id=1QG_KxI1leNkEyVO4x4ILOoWya2qMqSbS
Mr-Mackey.jpg,http://drive.google.com/uc?export=view&id=1QWKtgKg_hBrDabOyhBQE6emcgz1phrg8
Engineering-Professor.jpg,http://drive.google.com/uc?export=view&id=1RLOOnklOyTNF3sBSpSaxCzyWqzuKpef-
society-if.jpg,http://drive.google.com/uc?export=view&id=1S1Ivq7wqN5e_VwOxNWnHM1__DKfj-NTX
Elon-Musk-smoking-a-joint.jpg,http://drive.google.com/uc?export=view&id=1Sy90bkNX-YPnyZ8HqF4aWym5MgB9k1qe
Comic-Book-Guy.jpg,http://drive.google.com/uc?export=view&id=1Uk2Z-jnxqgYspmcGZO-xdYXWwIttpDLW
Excited-Minions.jpg,http://drive.google.com/uc?export=view&id=1VG8YsPY_L3nwYuJopxI7KVCmtUlULreX
Jammin-Baby.jpg,http://drive.google.com/uc?export=view&id=1VUJrfJtijXZjqhnLB3N-e-CGETtIqqIS
Angry-Dumbledore.jpg,http://drive.google.com/uc?export=view&id=1Vmh81342ann8airqcWhH1PePRmSNj0W7
Patrick-Says.jpg,http://drive.google.com/uc?export=view&id=1Xj5gHQ-6chyBNSoaIeHQM5E2Rw6tXEGZ
Bill-OReilly.jpg,http://drive.google.com/uc?export=view&id=1ZlUrZ_7lpq4wBw51qRFxbXkOv-FiI8LR
Good-Guy-Pizza-Rolls.jpg,http://drive.google.com/uc?export=view&id=1ZmCddllu67kQSqpr3zU2x7dtau5t9Ax6
Mocking-Spongebob.jpg,http://drive.google.com/uc?export=view&id=1Zt1OojVV8kwnXlQ9tt3QT8cro__N-kKN
Felix-Baumgartner-Lulz.jpg,http://drive.google.com/uc?export=view&id=1ZxZTFaGd09tViFj3wt_bTc1yuxi2d_zI
Vali-Corleone.jpg,http://drive.google.com/uc?export=view&id=1_H1_zI4pJOeJkNVTCa1wDUQ_39c0APNK
Unhappy-Baby.jpg,http://drive.google.com/uc?export=view&id=1_OJMRRUFAcS4liIuamRFhrf_mLe9GBXK
Sarcastic-Anthony.jpg,http://drive.google.com/uc?export=view&id=1aMuOA02X4QSBYTJT68N9VMAuXUJYMDBI
Neil-deGrasse-Tyson.jpg,http://drive.google.com/uc?export=view&id=1aebJapE7uhTUDx8Cf6mtv3Et4MfqmTPB
I-Have-No-Idea-What-I-Am-Doing-Dog.jpg,http://drive.google.com/uc?export=view&id=1aujQi0Tra-TrNFmHQiBtPyJ0bpkdU5FA
So-I-Got-That-Goin-For-Me-Which-Is-Nice.jpg,http://drive.google.com/uc?export=view&id=1ayzH-i8KJ2NZtjVpYIS2ndWz6hHAxFhO
Disappointed-Tyson.jpg,http://drive.google.com/uc?export=view&id=1cxIClJwdIrQaGkTZCHVWzRzTUrmj9zZA
Grumpy-Cat-Halloween.jpg,http://drive.google.com/uc?export=view&id=1dinhH4DhW8MWxmIAQa8EQHQVjsvEP5dW
Internet-Guide.jpg,http://drive.google.com/uc?export=view&id=1e3c7LHoHOYj1ch8OES5SGB1O0nQwF-WB
Bad-Luck-Hannah.jpg,http://drive.google.com/uc?export=view&id=1f1Z_c4hrEc-1r6JbY3OAqytAoawljAaL
Forever-Alone-Christmas.jpg,http://drive.google.com/uc?export=view&id=1fzC-BsiQ3XbniGfvVzW2BRYBp_UzNBqz
Sheltering-Suburban-Mom.jpg,http://drive.google.com/uc?export=view&id=1h6X2-oOcK0abbx7eICGJKNnko3dNj1_7
Surprised-Pikachu.jpg,http://drive.google.com/uc?export=view&id=1jUrqq8xwgVvaz9aBF2SsJwwCUG-awRLM
Chuck-Norris-Phone.jpg,http://drive.google.com/uc?export=view&id=1jWUbhttjlZvtFt7tnSfcytTaxMRkovlJ
Star-Wars-Yoda.jpg,http://drive.google.com/uc?export=view&id=1kBkd-9GdiVWsfZW-GDkNOHSNM4rhEJ41
confused-dafuq-jack-sparrow-what.jpg,http://drive.google.com/uc?export=view&id=1lADT_rYbML5sVtNujfzzOaIr1Ibkpfx4
Dwight-Schrute-2.jpg,http://drive.google.com/uc?export=view&id=1lMIpq1kYlLrfajnmGM86_cAstCrQkigi
Uncomfortable-Nightclub-Girl.jpg,http://drive.google.com/uc?export=view&id=1lSDXH3W14J3vGnGb3pZWflkRuWqx8D9w
Alan-Greenspan.jpg,http://drive.google.com/uc?export=view&id=1lfVFO2icQD62NeFw8nEDhIVbFZc18FsG
Tony-Stark-success.jpg,http://drive.google.com/uc?export=view&id=1ltwx07wMwPOwjxsT__OSfA-dvKNPxk_K
Old-lady-at-computer-finds-the-Internet.jpg,http://drive.google.com/uc?export=view&id=1luSVQhrFREl1CO08vd1H-T6XqrOSoj6y
Lord-of-the-Rings-Meats-back-on-the-menu.jpg,http://drive.google.com/uc?export=view&id=1m0Rw0HN1bW9AzT0-zJ60pUu14B7L6vcU
Look-Son.jpg,http://drive.google.com/uc?export=view&id=1n2jFbL4IaNc9RkP88e9lmcF6fvkTH-al
Gentlemen-it-is-with-great-pleasure-to-inform-you-that.jpg,http://drive.google.com/uc?export=view&id=1np9qjc6XS_air4rqEly6krgkuHN7BspM
Too-Damn-High.jpg,http://drive.google.com/uc?export=view&id=1nvqbZ0Osg2cr24p4eEhsgZLq3F2_UbzF
Unpopular-Opinion-Puffin.jpg,http://drive.google.com/uc?export=view&id=1oxDaSKpbwgrmsqR28msJrkUyZ1AZT8A3
Beyonce-Knowles-Superbowl-Face.jpg,http://drive.google.com/uc?export=view&id=1pFGA--6YUbPayucCnnhhbwBfsLB42Fss
Brace-Yourself.jpg,http://drive.google.com/uc?export=view&id=1pJ_ycGxjHCRJczNlUdZJVnjtYgThqBdE
Socially-Awkward-Awesome-Penguin.jpg,http://drive.google.com/uc?export=view&id=1q0CGvLltBK2VEmidl0v2poaTG7Fbvv6H
Stop-Cop.jpg,http://drive.google.com/uc?export=view&id=1qRkKnLNvUO3WiScs64giie0g0q0w25_e
Captain-Hindsight.jpg,http://drive.google.com/uc?export=view&id=1rAgyF326bUgTDNrizIU4W8vcolEBKgif
The-Count.jpg,http://drive.google.com/uc?export=view&id=1rQ5-QNGhkwiLSDRsdijD3YzG6g12sbeB
Sean-Bean-Lord-Of-The-Rings.jpg,http://drive.google.com/uc?export=view&id=1s762EpZrEvlAc4DGZ6dCMuyr7yLmAS4f
Depression-Dog.jpg,http://drive.google.com/uc?export=view&id=1sEuDobOElWEp6H-uc9HvcCwnPIDsRpq9
Onde.jpg,http://drive.google.com/uc?export=view&id=1t6dWHT5iV1ECDO9-dPUYOfMW7ICJ1Z6z
Big-Ego-Man.jpg,http://drive.google.com/uc?export=view&id=1tIA-Yl4EITyvN6OqwC9WKzZOZv3qrQJt
Selfish-Ozzy.jpg,http://drive.google.com/uc?export=view&id=1uCdTg5IKqoM4jBkytzBsBK-_88R4eWB8
clown-computer.jpg,http://drive.google.com/uc?export=view&id=1uQ7vqBtm9vFy4zjSRWWjCqY0otB3Fy5s
Pink-Escalade.jpg,http://drive.google.com/uc?export=view&id=1wLXzrivfazog8o0DkMxAQEJ1Ldf8Ifdb
Laughing-Villains.jpg,http://drive.google.com/uc?export=view&id=1wVyKDCgohwrC-UOmQRswkQRGevlEm2O1
Sad-Cat.jpg,http://drive.google.com/uc?export=view&id=1wYP5uexhtmK6QsS2sTztYcI3PnUFS7KB
No-soup.jpg,http://drive.google.com/uc?export=view&id=1wu6uEYVsaBc8v_79LUUKSv_wcbjYG6Bn
Google-Chrome.jpg,http://drive.google.com/uc?export=view&id=1wyIRFXiWnl7xmq9uhPOY3wkKfDD_idQm
Chuck-Norris.jpg,http://drive.google.com/uc?export=view&id=1y5peRPML_lhRGBuV7Fl9ZdM3hIzjg0gR
This-Morgan-Freeman.jpg,http://drive.google.com/uc?export=view&id=1zguZRtlNGEBA57e2_OciVqdOqu10cefk
And-the-points-dont-matter.jpg,http://drive.google.com/uc?export=view&id=1-F0YsD0pri9YnMH85xmrkZQz3W2ZDkdt
Surpised-Frodo.jpg,http://drive.google.com/uc?export=view&id=1-yIJZE9C4naORXuJeKmqGFai1s3uWDKk
Chemistry-Cat.jpg,http://drive.google.com/uc?export=view&id=11b7jPbomPv-GMGI2hoNTJATPDpKHFAlC
Evil-Patrick.jpg,http://drive.google.com/uc?export=view&id=11zgiSPXdgwjz-fWZ299OyNcDHp6LE1BK
braveheart-freedom.jpg,http://drive.google.com/uc?export=view&id=134K0bfeSwWvbd-ul0_HTPke0y2tHoZzg
Aw-Yeah-Rage-Face.jpg,http://drive.google.com/uc?export=view&id=13G-xQXc3ZZzPE0xT1KyYgp7Oc3eVejjl
computer-nerd.jpg,http://drive.google.com/uc?export=view&id=13YidmCpJwML_PtAddew4ns_LQSSksDYf
Not-Okay-Rage-Face.jpg,http://drive.google.com/uc?export=view&id=14RR3nS_7A5T2u6ZmigYBJmAXn6-cUSd1
FRANGO.jpg,http://drive.google.com/uc?export=view&id=14n5BosbhtzTQNlO5eUC3gkedf12q9bYn
Fk-Yeah.jpg,http://drive.google.com/uc?export=view&id=14rvmKZd1pM_X9kH-uJBl8pUCeXz8qEu8
Obi-Wan-Kenobi-Jedi-Mind-Trick.jpg,http://drive.google.com/uc?export=view&id=15fVNR7BQ4rX73Uc81Mqq3VZ0Vac3hgFS
But-it-was-me-Dio.jpg,http://drive.google.com/uc?export=view&id=18XG5FHPwYFiA1eSPogXxj_q8AsGBy1JZ
Mozart-Not-Sure.jpg,http://drive.google.com/uc?export=view&id=18f3R697pY0J2iTpcpWbNnvmCwuhZAezX
Darti-Boy.jpg,http://drive.google.com/uc?export=view&id=18hSDKstklYpzjLXoLshmphB1zJSjCqCi
Yo-Dawg-Heard-You.jpg,http://drive.google.com/uc?export=view&id=19liWlexJ-wMAYqA9MNYbch1uFM8cUYFH
Fat-Asian-Kid.jpg,http://drive.google.com/uc?export=view&id=1AYOLFxQYneIrvu-MMAmAK4Ssoiv90WfM
Shut-Up-And-Take-My-Money-Fry.jpg,http://drive.google.com/uc?export=view&id=1AcoygJoMMfM_W2fK-MMx3yPvpvD9eDPy
Right-In-The-Childhood.jpg,http://drive.google.com/uc?export=view&id=1BHoY_PqAiBzL0pyxYbm2DxXLZy3ssYvl
Michael-Jackson-Popcorn.jpg,http://drive.google.com/uc?export=view&id=1Cjk4dbUx8uCoPevZC4IToKgWXYig3-Z_
Jay-Inbetweeners-Completed-It.jpg,http://drive.google.com/uc?export=view&id=1EpO8iJbgs9unLb2CQu0P1dVgTQzrdQXd
House-Bunny.jpg,http://drive.google.com/uc?export=view&id=1ErPmu7qGFy7D4UwdV8ktGiIQFw1s9pwW
Gangnam-Style.jpg,http://drive.google.com/uc?export=view&id=1FQGFHLnYtFZPZ2W7cXMfAwf2yAQXb3_q
Bill-Murray-Groundhog-Day.jpg,http://drive.google.com/uc?export=view&id=1FVhe4_jvA59eiWVG4O16L2WCaVcP-uks
Computer-Horse.jpg,http://drive.google.com/uc?export=view&id=1FVsWtBmHhKDdiB7oXd3O-ir7GIlnC-lu
Unicorn-MAN.jpg,http://drive.google.com/uc?export=view&id=1Fxn3UFxspSLVHeN6-pwas1eC1YZth3ic
Men-Laughing.jpg,http://drive.google.com/uc?export=view&id=1GNoD6n2NGlzyOOs4T-iwpREHgb0pTTtC
Yo-Mamas-So-Fat.jpg,http://drive.google.com/uc?export=view&id=1GgVKP-tZlcNOOtecvJZ8wrIysNL6hiV_
Bill-Murray-Golf.jpg,http://drive.google.com/uc?export=view&id=1HDaUiqhPuHC4UDvVlkoiZPumgFcz7tS8
Laughing-Leo.png,http://drive.google.com/uc?export=view&id=1K0RDeWxd1YFzRjGGM252kE0IlyTojm4B
Buddy-The-Elf.jpg,http://drive.google.com/uc?export=view&id=1K3dBAMwdTYhv45m8B7jxs_b4pk4Nfsh8
Art-Student-Owl.jpg,http://drive.google.com/uc?export=view&id=1KRuqF0AeZJLObI_3ke3SYsDMRmBhOovU
Slick-Fry.jpg,http://drive.google.com/uc?export=view&id=1LkUCK26khxaCTxhlk56c76Oil8Fil-m9
1990s-First-World-Problems.jpg,http://drive.google.com/uc?export=view&id=1Mc-Sms3QTkzSBu9xMH5da_G-eHQNOMUQ
Black-Scientist-Finally-Xium.jpg,http://drive.google.com/uc?export=view&id=1MuZo8lUEjSkSG_kW9wTRmgYx1MMSaCP_
Goodfellas-Laugh.jpg,http://drive.google.com/uc?export=view&id=1NK2QZ55_vWgfU0kykqPA9I4ANmzfwxWf
Im-Curious-Nappa.jpg,http://drive.google.com/uc?export=view&id=1OWlFpDxEsFLv1imujc-uzCSM9GaZxYcU
hagrid-yer-a-wizard.jpg,http://drive.google.com/uc?export=view&id=1O_8wJSsuD7VwSHtNUmjLPVpRbn_nJoLw
Simsimi.jpg,http://drive.google.com/uc?export=view&id=1PV3NOX4KrM48aG5B4RM9TXSRtwmYjBIn
Got-Room-For-One-More.jpg,http://drive.google.com/uc?export=view&id=1PwjBF3MpcrDV4oS7ZyOU0th-Zcj9Er7J
Error-404.jpg,http://drive.google.com/uc?export=view&id=1QNmu5zQCXniA6cM1L4RVbWQy5tbqSmVa
Confession-Bear.jpg,http://drive.google.com/uc?export=view&id=1QZD9byqnUs6cU92cJk_D287RP27NuDv3
Super-Birthday-Squirrel.jpg,http://drive.google.com/uc?export=view&id=1R6YLzXmxYd7fKmNWm--snb4mtwKj1s4a
Annoying-Facebook-Girl.jpg,http://drive.google.com/uc?export=view&id=1RWoVpDFY3oWcsgd_WTA9WQeWvwBA1iQI
Awkward-Moment-Sealion.jpg,http://drive.google.com/uc?export=view&id=1Raj53QCHyzmdFrf-tZ3EPkSjI1MvHEzE
Duck-Face.jpg,http://drive.google.com/uc?export=view&id=1SG_kYyu1l9jlDSZckJd5RkIKqLlSrwmQ
Brian-Griffin.jpg,http://drive.google.com/uc?export=view&id=1Se4nmhq29ILsLDStWz61WmKz60A9FKka
Evil-Otter.jpg,http://drive.google.com/uc?export=view&id=1T-T0e_o4yXAuhyfr028aT3fxUjJADw7E
Crazy-Girlfriend-Praying-Mantis.jpg,http://drive.google.com/uc?export=view&id=1VVwnSIo8HdP5gVg8JmrqmGbYgGE9oNoj
The-future-world-if.jpg,http://drive.google.com/uc?export=view&id=1VoTq3IzLzMx7E9W1xTmsHR6MuE0CuAMg
The-Mandalorian.jpg,http://drive.google.com/uc?export=view&id=1WaLTMVwc3-yT58ZV13p-HX9d2A0INTqY
So-God-Made-A-Farmer.jpg,http://drive.google.com/uc?export=view&id=1Wfl8aoF31Ly2Ct5cHYSQJKKX0VddvWWI
X-All-The-Y.jpg,http://drive.google.com/uc?export=view&id=1WjI9VFkFu4ouLftzQAov-CdAqBl-xVV_
Inigo-Montoya.jpg,http://drive.google.com/uc?export=view&id=1YfIs83h7T22Z9LNQ9W-pF4ot-_wK5E0Z
We-Want-you.jpg,http://drive.google.com/uc?export=view&id=1Z5YA8Nw3R88NkcANpeNLYWlXeUbWC4Wo
Kyon-Face-Palm.jpg,http://drive.google.com/uc?export=view&id=1_4-Qjm-ULVWL14e8vO0rfKtFk2jpFMgt
Jack-Nicholson-The-Shining-Snow.jpg,http://drive.google.com/uc?export=view&id=1_7dcCCmXa_Z7Nijk6rC95CjR9UObhGSj
Bad-Luck-Brian.jpg,http://drive.google.com/uc?export=view&id=1_b4dyXr5qhrnlLhgMOn7l0idS1Ta4wnZ
Youre-Too-Slow-Sonic.jpg,http://drive.google.com/uc?export=view&id=1aAWTilwLrjBrQRMOpaMtrcJ8PVtfgPdo
Britney-Spears.jpg,http://drive.google.com/uc?export=view&id=1aBsSc0kWmSkstOt4av7BoMaQU-AMq_I9
Obama-Cowboy-Hat.jpg,http://drive.google.com/uc?export=view&id=1ag671M53bRcVUnTHz4HN4fmbyjXdpF1i
Nice-Guy-Loki.jpg,http://drive.google.com/uc?export=view&id=1bAPRF1gVN3s7V2kD87zG9LVv-7H_-aQ4
Dos-Equis-Guy-Awesome.jpg,http://drive.google.com/uc?export=view&id=1bRASqNEeNLAY-qU4nWrYrFxYkTOw-_In
Obi-Wan-Kenobi.jpg,http://drive.google.com/uc?export=view&id=1bxVcwJ9ihZclSw3t6N7T7McKEk8GN4zr
Merida-Brave.jpg,http://drive.google.com/uc?export=view&id=1c3A1XRR6SYue1-WtUzoFR2Ja5iIL_W6Q
Kevin-Hart.jpg,http://drive.google.com/uc?export=view&id=1cQPbKzB9O7osnxDH64Qk7ghXMgqwuVXu
Sad-Keanu.jpg,http://drive.google.com/uc?export=view&id=1cpxINAzJ5J6XC0aXTj0TfuvwkWEWbr0P
Serious-Xzibit.jpg,http://drive.google.com/uc?export=view&id=1duhBsZwCLtqZl8SMHc0r8KzI6Yn-2IOB
Invalid-Argument-Vader.jpg,http://drive.google.com/uc?export=view&id=1e9xdFqAzg88wda7VbSmp7Pw49y71VAoi
Forever-Alone.jpg,http://drive.google.com/uc?export=view&id=1es0ucD_XpYvJnbwgVD0rA-EIKi2HZ5H_
Smart-black-guy.jpg,http://drive.google.com/uc?export=view&id=1evUBblJzlFCnnGecrgP-Ri7wAnwiyhh7
Waiting-skeleton-2.jpg,http://drive.google.com/uc?export=view&id=1f7OHJmaP10pNpTd-hpakp8haVibIqV98
Professor-Oak.jpg,http://drive.google.com/uc?export=view&id=1fcx0qGY_QNg5jqzhN5JluKkGbl17d-CT
Eminem.jpg,http://drive.google.com/uc?export=view&id=1fnicrhKenN_wvDagr-5Ynmezwo1qWJzv
Do-all-the-things.jpg,http://drive.google.com/uc?export=view&id=1hAcv6qgv42a5AGjct9zEQuSuefmLybHp
kermit-window.jpg,http://drive.google.com/uc?export=view&id=1hNmIKOivDAdudAnyer9ooEu-InXdt54Y
Redneck-Randal.jpg,http://drive.google.com/uc?export=view&id=1i4CbtjE4AMk2WwjAw7tmMaAbpBge0QMj
The-Rock-Smelling.jpg,http://drive.google.com/uc?export=view&id=1io7Gn82XF0lCpce6AeVTpGW6RNMAN6NA
Surprised-Koala.jpg,http://drive.google.com/uc?export=view&id=1ipUPyzJqtTWjo0md3IC5c3q3XUPkL_Qb
Challenge-Accepted-Rage-Face.jpg,http://drive.google.com/uc?export=view&id=1kG1o65mtN_Uuu5tqbSSUq07um-pIdt0U
Yall-got-any-more-of-them.jpg,http://drive.google.com/uc?export=view&id=1kXeTOlQ6lLbAir5B678hWZdAc7Gr-hmt
Happy-Guy-Rage-Face.jpg,http://drive.google.com/uc?export=view&id=1lhQJGW41NKz2y8mHFd2KCN9VDzmDLRmi
Speechless-Colbert-Face.jpg,http://drive.google.com/uc?export=view&id=1ntzvMGm7RJGL8cLQ0uCcDHjHT0nURzPE
Wrong-Neighboorhood-Cats.jpg,http://drive.google.com/uc?export=view&id=1oIjovYdHNtmjy7zkp3_ZJbeHFVRLqcOA
Legal-Bill-Murray.jpg,http://drive.google.com/uc?export=view&id=1o_pej4moYoB569bwUBRHnniCA_eed7L7
HighDrunk-guy.jpg,http://drive.google.com/uc?export=view&id=1ojKDMpd3btt2neUMDaRHOIXd3jM5uAh7
Grumpy-Cat-Happy.jpg,http://drive.google.com/uc?export=view&id=1qA0YTu9Lv3LSa7iCN09XwWZ2UeLdgdih
Blue-Futurama-Fry.jpg,http://drive.google.com/uc?export=view&id=1qFU6-JJYjy1JRb17GqIHyrs6knXjb_Vz
Musically-Oblivious-8th-Grader.jpg,http://drive.google.com/uc?export=view&id=1rMzCixn3OpK0zLlnS9nmt83qZzgUBgo0
Romney.jpg,http://drive.google.com/uc?export=view&id=1sDvwtlGh_6fZNjjw9rKZmJlvx6QpA4BO
Successful-Black-Man.jpg,http://drive.google.com/uc?export=view&id=1tDGiG7Vo2bveX9-dmVI-6eZ1XPFlvtbP
Leonardo-DiCaprio-Pointing.jpg,http://drive.google.com/uc?export=view&id=1tzIqNP5gNkZv9GWUG4JjiBcfeVaQifsE
Yao-Ming.jpg,http://drive.google.com/uc?export=view&id=1uHk_NCwgw88K3WqVyuZgEKvyDYWVpyoC
Turkey.jpg,http://drive.google.com/uc?export=view&id=1vCnwGUR3ry1IkcD-LzZXgL-6iKmIXlMM
Ermahgerd-Beyonce.jpg,http://drive.google.com/uc?export=view&id=1vO8qNO9HF1MkumukMQeYarTugHuG_SuL
LOL-Guy.jpg,http://drive.google.com/uc?export=view&id=1wEqqeWeK4hyP6QrNObvSyqvurdQFECYx
Quit-Hatin.jpg,http://drive.google.com/uc?export=view&id=1xjN8b1FiG-b6w8CyIyA8CyUBlYaeihH8
Wise-guys-laughing.jpg,http://drive.google.com/uc?export=view&id=1y66Le4H7MJfKaRC6lhy_3EdgIztNBmZW
Internet-Explorer.jpg,http://drive.google.com/uc?export=view&id=1ydOPro0UxJ7lOv4j25txQkdRTAgupdtc
These-Arent-The-Droids-You-Were-Looking-For.jpg,http://drive.google.com/uc?export=view&id=1yv0OSmqDmTxQALcLeZDJaM0YC9rokzpT
Finn-The-Human.jpg,http://drive.google.com/uc?export=view&id=1z6_SXTfwLr7go1pP0w01jgE4PvN_BIbw
Anti-Joke-Chicken.jpg,http://drive.google.com/uc?export=view&id=1-cqb0z9EjQCP_2I1M-teCUDCoT751IrB
Disappointed-Man.jpg,http://drive.google.com/uc?export=view&id=108Hoj7aW1zIR72nWkPUCdxOc2NXq-TWA
charlie-chocolate-factory.jpg,http://drive.google.com/uc?export=view&id=111P5ry0yc9vJdNE7MX_tvOWQ5OAH0ENF
Happy-Squirrel.jpg,http://drive.google.com/uc?export=view&id=11DIjKSCaIlevfyK8GB8AOo_96GNvXJ-v
Money-Money.jpg,http://drive.google.com/uc?export=view&id=12IE7zi7vGVm8NCMfvdacm6PgFY5qYW8e
Chris-Farley-For-the-love-of-god.jpg,http://drive.google.com/uc?export=view&id=12wtKqixS5GghtC8Rqf0SPdCXBlZaU-y-
Snape.jpg,http://drive.google.com/uc?export=view&id=14hUeWbhwQYfbDLQxRJwI0B9neWdUTcH-
Do-You-Wanna-Build-A-Snowman.jpg,http://drive.google.com/uc?export=view&id=17K6g8ZAKyYjsr93MeXPMi8hAacGlEjrW
Trailer-Park-Boys-Bubbles.jpg,http://drive.google.com/uc?export=view&id=17Q-l6woHLh_G2-0wpzKl2z-Mgi53NqJR
Conspiracy-Keanu.jpg,http://drive.google.com/uc?export=view&id=17_vCmDHPq1S0PujiuawNTzKmlsG3cYxI
Nailed-It.jpg,http://drive.google.com/uc?export=view&id=17dGRCGyAHb6Tfm3FmWRSahqcIcDlzsmR
Philosoraptor.jpg,http://drive.google.com/uc?export=view&id=18OY53ZJVo0rB_YsNeardNx3tcdA_8jPG
Michael-Phelps-Death-Stare.jpg,http://drive.google.com/uc?export=view&id=18QPLdt6yXe0qqPjGsbP67D6yNP3JPh9-
No-Patrick.jpg,http://drive.google.com/uc?export=view&id=18UT8bpFJFU8ozfmAyThmOElrtjC1nzHG
Super-Cool-Ski-Instructor.jpg,http://drive.google.com/uc?export=view&id=18XNTiYdigLdxBnAttVu8d0ORVADMoL3i
Small-Face-Romney.jpg,http://drive.google.com/uc?export=view&id=1AIM4FfeI_9U9T0G4GL8XkBPlDit1dEQF
Imagination-Spongebob.jpg,http://drive.google.com/uc?export=view&id=1ARVTcIzN7ffhmB1FsdF_YFaOe11PXncW
Ancient-Aliens.jpg,http://drive.google.com/uc?export=view&id=1A_NWGQ1NYvh7vUZmWADnX8gboajp6mcs
Duck-Face-Chicks.jpg,http://drive.google.com/uc?export=view&id=1Al24q2wsE2rA9jBJpJt8LN_SiTw70xnR
Zorg.jpg,http://drive.google.com/uc?export=view&id=1Bj70EyDvJDqL2B0JbkXSiY-hgtj6Tl40
Minor-Mistake-Marvin.jpg,http://drive.google.com/uc?export=view&id=1C42NN8Y2W7KifPB0L_WPr78pitaiakp2
Grumpy-Toad.jpg,http://drive.google.com/uc?export=view&id=1CNfvIovXezi5HJDnHWdPAOlzV_rFBQqd
Joseph-Ducreux.jpg,http://drive.google.com/uc?export=view&id=1CSilhi7jqnFXVP2-HvVKRisCwgd251dL
Oprah---you-get-a-car.jpg,http://drive.google.com/uc?export=view&id=1Dc7a09w29yNqGKaw8RED3yZXo9fmQFAf
Chuck-Norris-Flex.jpg,http://drive.google.com/uc?export=view&id=1F4uDricAx-POt4hMRQqvWIhd7OozD33O
Leave-Britney-Alone.jpg,http://drive.google.com/uc?export=view&id=1FMoFVZR5bZVE_LeDnDN56ZzMzc5IW-as
captain-america-so-you.jpg,http://drive.google.com/uc?export=view&id=1FVr5LgFP2XHWa8CQkf-whOU41FVkU0Cc
George-Washington.jpg,http://drive.google.com/uc?export=view&id=1GTjYRSBff0mM9ABNPwP2DCucWRr0eELV
Hipster-Kitty.jpg,http://drive.google.com/uc?export=view&id=1GUerFeo0I7S2IUpBELf2PGQfeQqJp4mP
So-Hot-Right-Now.jpg,http://drive.google.com/uc?export=view&id=1HUwpvEdbuB9iPdA3AOUnuGyKkd3CD1wK
Guess-Ill-die.jpg,http://drive.google.com/uc?export=view&id=1HoV6iAGc0r0p3B8agfcEji6OK9Yb07vh
Happy-Minaj.jpg,http://drive.google.com/uc?export=view&id=1IGO6Y7gyT8-BvwXXj2o3rC5HyNL-HDks
Money-Man.jpg,http://drive.google.com/uc?export=view&id=1KnJJxPx8qfkd75kOex468lkpOwJccAyh
Pickup-Line-Panda.jpg,http://drive.google.com/uc?export=view&id=1KuDEPFP7Worg93_maPs92E-iNCw5PB41
Smiling-Cat.jpg,http://drive.google.com/uc?export=view&id=1LtSAnUJczjgRJxniFbltSuHPT1BeM37t
Liam-Neeson-Taken-2.jpg,http://drive.google.com/uc?export=view&id=1M3hudUgyOYfLaLM5OnOHE-CCb6wx7ewl
neck-vein-guy.jpg,http://drive.google.com/uc?export=view&id=1MBID8QZsNPY9whJnXQL_zM43UshOxjXm
Hide-the-Pain-Harold.jpg,http://drive.google.com/uc?export=view&id=1MVmwPM5pJc362tjUQ8KHDlPIkcWeZ0s6
Do-you-want-ants-archer.jpg,http://drive.google.com/uc?export=view&id=1MzNAP3GcDEK1uZnHAdC3aBqi4QJewcol
Captain-Picard-Facepalm.jpg,http://drive.google.com/uc?export=view&id=1N5EPNiPcv7OLdADteaR7hnm-Y3oKpyhL
Smiling-Jesus.jpg,http://drive.google.com/uc?export=view&id=1O1kKiVYAJoFqpu8JWZ5mw811st7aDGdO
Darth-Vader.jpg,http://drive.google.com/uc?export=view&id=1OOcTGwSWdKy-OxvuUyTVSihwmhMRwrnE
Contradictory-Chris.jpg,http://drive.google.com/uc?export=view&id=1P6ZP7vvTsZh_lzNtcabHmRBq062Hm1i7
1st-World-Canadian-Problems.jpg,http://drive.google.com/uc?export=view&id=1PX4ZNIBFaczGNFGE-5Svr3YuDhsrXv5G
Derp.jpg,http://drive.google.com/uc?export=view&id=1SZNXKASY6e3R0Nk28H4CQAxAr0WMODav
The-Bobs.jpg,http://drive.google.com/uc?export=view&id=1TH3ybDpgPiGZWvXO2JxbQGFnYf94bmdJ
But-Thats-None-Of-My-Business.jpg,http://drive.google.com/uc?export=view&id=1V4mYVZEAwaOEHCmatLi7fWU3GpJ2XuCK
Downcast-Dark-Souls.jpg,http://drive.google.com/uc?export=view&id=1VRW3o_i6IFQxhFUjYCuW9ejJr6wYGWKV
You-cant-handle-the-truth.jpg,http://drive.google.com/uc?export=view&id=1W8dxKq4eOve0Vlh1RpRXq7483P91qbG-
Tough-Guy-Wanna-Be.jpg,http://drive.google.com/uc?export=view&id=1WBaOsua07KC39itVtuzCblECHXixNtPe
Rob-In-The-Hood.jpg,http://drive.google.com/uc?export=view&id=1WPil1T0D73tbOXxiUc0Lp68TBI2rNB92
Family-Guy-Peter.jpg,http://drive.google.com/uc?export=view&id=1WPq83b_Faz7kU9A9tk27uXb7vRxj7ZxU
Surprised-Baby-Yoda.jpg,http://drive.google.com/uc?export=view&id=1WSJ-yb547VhK-XvE-GtC21fDYascur64
WTF.jpg,http://drive.google.com/uc?export=view&id=1WebTCuFuFgyU8Kafn4LipZt7b2OdUGSu
Angry-Asian.jpg,http://drive.google.com/uc?export=view&id=1Wj_keHCjkM9TQa6sOD0pGuEdmP8SjmSH
Slenderman.jpg,http://drive.google.com/uc?export=view&id=1Wsu8GxoLdPzXyv7lsVgmZhxRtbYNarog
Dr-Evil-Laser.jpg,http://drive.google.com/uc?export=view&id=1WwnbQFRtSf0N1pUkcB8LALLCn8bpwKvE
Girls-gossiping.jpg,http://drive.google.com/uc?export=view&id=1XT2X959rOVPbGO1G5wwKWKWQBY-i9NF3
Angry-Toddler.jpg,http://drive.google.com/uc?export=view&id=1YzPv5FBFDBtDSxLX5Ja4VfHLqJxq0rCk
Advice-Peeta.jpg,http://drive.google.com/uc?export=view&id=1_iog0AtLCQYQnha3XZ0ZBWO3sFsZDPEM
michael-jackson-eating-popcorn.jpg,http://drive.google.com/uc?export=view&id=1a8mrKVcRUYDeZaSdwMMQTUZxURPcONF8
Troll-Face.jpg,http://drive.google.com/uc?export=view&id=1bCffXnriIsKbZzF_we3nZYDgDEelR5vE
Slowpoke.jpg,http://drive.google.com/uc?export=view&id=1bV14ZlGZQgUhnDCr1NMaBU3y_i23LuDa
Harmless-Scout-Leader.jpg,http://drive.google.com/uc?export=view&id=1bbK0b9_305fphNp9cNatNWKCs6uunwus
Youre-gonna-have-a-bad-time.jpg,http://drive.google.com/uc?export=view&id=1beq4fA6C4lNRNNkKJKl95BE9iN4sI03R
Please-sir-may-I-have-some-more.jpg,http://drive.google.com/uc?export=view&id=1bkeXocz0lhKwhszMh-2-IvW3z7_NH3mQ
Admiral-Ackbar-Relationship-Expert.jpg,http://drive.google.com/uc?export=view&id=1e5EjzwyqoqBK6YByUUpVvhuEjcUoQI64
So-Many-Shirts.jpg,http://drive.google.com/uc?export=view&id=1eS0eE4YfEdv2ifqoVqfhimvOOO96x1sQ
Angry-Chicken-Boss.jpg,http://drive.google.com/uc?export=view&id=1f-oxh_yzgIOwLySJulPBqYeRC-E76Sxg
Hulk.jpg,http://drive.google.com/uc?export=view&id=1fCjzLyNFBhEvi6Y-KR9zUpjIVwuiuK7l
Saw-Fulla.jpg,http://drive.google.com/uc?export=view&id=1gTEvEBua04mxp1vPL5Ag8o4dLiGIypGj
Crosseyed-Goku.jpg,http://drive.google.com/uc?export=view&id=1hARIrET0P0yvc3JgSGSjx8jQJxtN7S5J
Sassy-Iguana.jpg,http://drive.google.com/uc?export=view&id=1hGQbINSuh9PAOmRnmHdiPjcXYjh0UHmu
Angry-Koala.jpg,http://drive.google.com/uc?export=view&id=1i4LB_CXwPnpVnBXB5oLyi8773_IplOqC
Booty-Warrior.jpg,http://drive.google.com/uc?export=view&id=1ikt8xgaqPtlWDsqfce54uT6kq1mou4OC
Sad-X-All-The-Y.jpg,http://drive.google.com/uc?export=view&id=1iqkS5ZiIqsa8uAbYRGGLjpZD3EQQ_gKe
meryl-streep.jpg,http://drive.google.com/uc?export=view&id=1kdUhPWSlt779LQLnEnFn-NUW_WHzihUq
Ridiculously-Photogenic-Guy.jpg,http://drive.google.com/uc?export=view&id=1kf7saj-kpeDxdrtL2fk0e_kE-AkrlgDN
Captain-Kirk-Khan.jpg,http://drive.google.com/uc?export=view&id=1klIyCheGKscnoDfuNEfBYJE33h-_5Ztk
Tiny-piece-of-paper.jpg,http://drive.google.com/uc?export=view&id=1lDf3aADtJ2T68UwrIr9CkkVABhx5N_OJ
Evil-Toddler.jpg,http://drive.google.com/uc?export=view&id=1lhf_Q6MExpuMBhMVYMfpcoiMj4-5UAui
Guy-Fawkes.jpg,http://drive.google.com/uc?export=view&id=1o0A3oyJuc-fbgOJ4XblyC_5zItneZ8IS
Brian-Williams-Was-There.jpg,http://drive.google.com/uc?export=view&id=1pGT6_qyyz1WPqaAVSqwlrofogzok2688
Heres-Johnny.jpg,http://drive.google.com/uc?export=view&id=1qnkY23hpY-Dl4DnrDe5Hufilme0o6kCM
rick-and-morty-extra-steps.jpg,http://drive.google.com/uc?export=view&id=1rKq87ktvNIzbMt9mDJ1EMc8sYGUs8Zzo
Y-U-No.jpg,http://drive.google.com/uc?export=view&id=1rfK1o9rxj-Tf69KPKm6-grsdHoTDcO0r
Smart-Guy.jpg,http://drive.google.com/uc?export=view&id=1sSCBv7OSUI_S0zXhUE66SyZYx2SyhpVw
Grumpy-Cat-Star-Wars.jpg,http://drive.google.com/uc?export=view&id=1sWvHgg_7LiEvqHzRwCKNb7cdM4rNOhaj
TRUST-BAGHDAD-BOB.jpg,http://drive.google.com/uc?export=view&id=1sxVcS34G0SkwsmHLg-nt2oPqkL6G-_MY
Hercules-Hades.jpg,http://drive.google.com/uc?export=view&id=1t83Gc1vmGD8Hj-FlpNTFdRdgt7qFuuHa
Impossibru-Guy-Original.jpg,http://drive.google.com/uc?export=view&id=1u0T6HppXP7tUjNrGBUtIcb1JLQYR8W7v
Advice-Doge.jpg,http://drive.google.com/uc?export=view&id=1uMtXVEeraPtr1D5ShO5SGF2-_7luvkp9
Scary-Harry.jpg,http://drive.google.com/uc?export=view&id=1undE_rZUAxdwzJ0xd-1bOZN-MOBUyG-l
Forest-Gump.jpg,http://drive.google.com/uc?export=view&id=1usfMeGtzb0w2UE-0-93ZfHEQUlRIkNWD
Fat-Cat.jpg,http://drive.google.com/uc?export=view&id=1vOgFmPKCY1zAD22pmG7UBdFMBiHxs6j-
So-I-Got-That-Goin-For-Me-Which-Is-Nice-2.jpg,http://drive.google.com/uc?export=view&id=1vasARki8Z2KzJxI1JB0eBFHb2VEYCqz4
Laughing-Goat.jpg,http://drive.google.com/uc?export=view&id=1vmNRPJ4q8OsxX7xBk1xK52qI_3JcT2gT
Crazy-Dawg.jpg,http://drive.google.com/uc?export=view&id=1xBkHFDxLWn1AWMzesDS00bTiOCIp9bYJ
Spiderman-Hospital.jpg,http://drive.google.com/uc?export=view&id=1xIluFVTClYWmvu89pK8iTsAQIv9W9rn_
When-you-havent-told-anybody.jpg,http://drive.google.com/uc?export=view&id=1yMLnGF6ZP_-MN2-fwVIRSJDabLlrzxGd
Black-guy-head-tap.jpg,http://drive.google.com/uc?export=view&id=1-N5_J0WaHG4wIORQdjMK9va8zjjsmQBr
Darth-Vader---Come-to-the-Dark-Side.jpg,http://drive.google.com/uc?export=view&id=100tkxO4Frn45XhGrkfemUm-NUih3Kbau
Relief.jpg,http://drive.google.com/uc?export=view&id=10WqRChz3GyPJiTrm8xQHNRzIH-RFAlVW
Ferris-Bueller-Ben-Stein.jpg,http://drive.google.com/uc?export=view&id=10rA_1YZP5WUwNaVt64gfdQD1Qe78JtSN
Kill-You-Cat.jpg,http://drive.google.com/uc?export=view&id=118gqw-UV4Nv_ityp6IaS5RIAIKpp9CdU
Scared-Cat.jpg,http://drive.google.com/uc?export=view&id=11E82MMRC8YvQaHE7w4fVuhOhby1VUW_i
I-Will-Find-You-And-Kill-You.jpg,http://drive.google.com/uc?export=view&id=11ET8iMG3JRaM0Ik1egUFupVlDRkXIg23
Back-to-the-future.jpg,http://drive.google.com/uc?export=view&id=11F6ye9UQpkH3ddgBwErH0iuIJVevb9xb
Manning-Broncos.jpg,http://drive.google.com/uc?export=view&id=11ICMY3yufdTlfzzcnM442Q8DPW4028do
excited-kid.jpg,http://drive.google.com/uc?export=view&id=12IwY-Mc95XlhTNMQ_r5Wxx55GhRQ-KK2
Dumb-Blonde.jpg,http://drive.google.com/uc?export=view&id=12WKPqOJ000Yffg1Mt_pEnWnvEgjVl7y6
Jackie-Chan-Confused.jpg,http://drive.google.com/uc?export=view&id=136mNLHSmbn5lfbVWWkqzTi-BOxZQcEBS
old-lady-at-computer.jpg,http://drive.google.com/uc?export=view&id=16jczipQsqOQvbAGCOw7Mm5IBYsbREK8o
Romney-And-Ryan.jpg,http://drive.google.com/uc?export=view&id=17T9FvqY0GJ-iKvjc2NV7j9JE5grp3ySH
Afraid-To-Ask-Andy.jpg,http://drive.google.com/uc?export=view&id=17UzmrOpiKuTlK3RlGSif1Ac_awHlWQxT
Leonardo-Dicaprio-Cheers.jpg,http://drive.google.com/uc?export=view&id=17ojtCvVqNpviffw6W8wqZ8s4bFYnpb7b
Confused-Travolta.jpg,http://drive.google.com/uc?export=view&id=17pDKkl_5mMRbyHNRKoZxbhSkSkPj7AMA
In-terms-of-money-we-have-no-money.jpg,http://drive.google.com/uc?export=view&id=18HUijbEDeCVny7Ry7x3pXlmCAhsQ9C0i
Ron-Burgundy.jpg,http://drive.google.com/uc?export=view&id=18IujSaBHgEHTMig3uy8YHD1IEeJLqbNe
Larry-The-Cable-Guy.jpg,http://drive.google.com/uc?export=view&id=19SGKbwEGlnhKqR2hkRjG4c7V_7__rrP1
Giga-Chad.jpg,http://drive.google.com/uc?export=view&id=1Amz8i-Nr-d6GzsFaaLkVzIPGAkYJ4Z0H
the-office-bankruptcy.jpg,http://drive.google.com/uc?export=view&id=1CmSDUqJehlfHKmMMrK7aYhXXPKEt7KdF
Scumbag-Boss.jpg,http://drive.google.com/uc?export=view&id=1CnvtlrBcy7cfMqPHhABXnuIOv_1794Tq
Rarity.jpg,http://drive.google.com/uc?export=view&id=1D41p5Ka07amiBVZdfqOu0dY8LS6lMyeu
Joker-Rainbow-Hands.jpg,http://drive.google.com/uc?export=view&id=1DfJqlz1wf9fsAbZU_Rpt24b-t_fJmzrT
Jim-Lehrer-The-Man.jpg,http://drive.google.com/uc?export=view&id=1EFgKqSfpZpc2l1Kd7AFGJM3dyyvSXiFx
Mitch-McConnell.jpg,http://drive.google.com/uc?export=view&id=1F6twT7d-8nb_xnd8ZvBVcxY1vti8hLzk
Why-Is-The-Rum-Gone.jpg,http://drive.google.com/uc?export=view&id=1F7nFxf7ptO8QMny4MYDuVx79FcUMKM4S
Shocked-Batman.jpg,http://drive.google.com/uc?export=view&id=1Feh4f-zRtb2UACfz9uK1gBu5it2Ivy8y
That-Would-Be-Great.jpg,http://drive.google.com/uc?export=view&id=1GglOesam1KxQ2sQTulESxw7kLlIWVfeR
Angry-Man-pointing-at-hand.png,http://drive.google.com/uc?export=view&id=1GuaS96rxmIqklXg_75lQ6t-Th94C9X60
No-Bullshit-Business-Baby.jpg,http://drive.google.com/uc?export=view&id=1H4xyirxAdtgWdIUkXnW8AkRvV1suM4CC
Little-Romney.jpg,http://drive.google.com/uc?export=view&id=1Hm5tQCki5X4GGs1FdlDtG_zGyhbVLOgr
I-dont-know-girl.jpg,http://drive.google.com/uc?export=view&id=1KGPcxdu6z3wuhLPkFxIAn2K0HOizNhLw
Grumpy-Cat.jpg,http://drive.google.com/uc?export=view&id=1KLwdLhU1QFMpxiCEMybABs9GVhZfHrOz
Advice-God.jpg,http://drive.google.com/uc?export=view&id=1Ky0nweYeHHBA6IPjD7RMmnB-memWxYmW
Bad-Advice-Cat.jpg,http://drive.google.com/uc?export=view&id=1MPV2_T8y-mzJHPL1Mrvc0zxpiNatWYS-
Over-Educated-Problems.jpg,http://drive.google.com/uc?export=view&id=1MUC1jEHVfW6qiWFTETuRu9LYeXnOkCFC
Shouter.jpg,http://drive.google.com/uc?export=view&id=1MsZxxy6VWflSL0YNakWwQl8hzbVV2N9B
Good-Fellas-Hilarious.jpg,http://drive.google.com/uc?export=view&id=1Ns2FYdqrXGzqPZKBMQm3L69ofe_DJeZP
Surprized-Vegeta.jpg,http://drive.google.com/uc?export=view&id=1Nt5Qlq4Qx4XZuKvcbCx02xMiW10tDAWS
Overly-Manly-Man.jpg,http://drive.google.com/uc?export=view&id=1OYPKWZ0zwY19-d8RlC4_6NNRm0mK8Jwr
You-Guys-are-Getting-Paid.png,http://drive.google.com/uc?export=view&id=1PHVqSc1nIm5OMoW-DjXfDg2BJ2SRHgBl
10-Guy.jpg,http://drive.google.com/uc?export=view&id=1RFPCOK5X_bXDsrdwmVwTbtG0zdehjCFd
Derpina.jpg,http://drive.google.com/uc?export=view&id=1TnHx2J5QgOBpSGVRjOHj1V2DVdXU03_o
Helpful-Tyler-Durden.jpg,http://drive.google.com/uc?export=view&id=1UhoEO8-sLZQCIVNC-TLK9Q-YfkwZM5kV
Perturbed-Portman.jpg,http://drive.google.com/uc?export=view&id=1Uze8nKHS_3hf-MG2JChQwVb7WtM4aESL
conspiracy-theory.jpg,http://drive.google.com/uc?export=view&id=1YM8sjfNo4MJ913IspWbJUiXtaV4ZxDtS
Persian-Cat-Room-Guardian-Single.jpg,http://drive.google.com/uc?export=view&id=1YT419tLp_sYQZWaOFDO57qzvmyYwW__f
Photogenic-Scene-Guy.jpg,http://drive.google.com/uc?export=view&id=1Ya6FVTvBc4d12Ll8-JXwRw50806ci-0z
I-Lied-2.jpg,http://drive.google.com/uc?export=view&id=1ZlyEzwqy7D7V2sg9rpFL4Euc8ZQHLBXt
Macklemore-Thrift-Store.jpg,http://drive.google.com/uc?export=view&id=1_4xVA3-Ilm-F8nzv60GlZEggWqP3WWWj
god.jpg,http://drive.google.com/uc?export=view&id=1_pgvDapVVe2RLX4pCKvgJrS5y4JCNtck
debo.jpg,http://drive.google.com/uc?export=view&id=1a5cYQtQ7AsIq2aqigBv8-i7LDHRTmKHE
Will-Ferrell.jpg,http://drive.google.com/uc?export=view&id=1aKQl6YcmghFLfLuLuaKtVAqe2x5nagoa
Sweaty-Concentrated-Rage-Face.jpg,http://drive.google.com/uc?export=view&id=1ajVbOOtTkzrOv4bK3aq9lzSPAj6UsCUn
Bah-Humbug.jpg,http://drive.google.com/uc?export=view&id=1asHi2D9EuxRUJAfJRk7ezsgdsM8s3eCp
Prepare-Yourself.jpg,http://drive.google.com/uc?export=view&id=1bC8e-m5Bi8KlHXN7Mt0N8_CDPMbkXBOZ
Bad-Luck-Bear.jpg,http://drive.google.com/uc?export=view&id=1cFJBFzH8AokYR8ytPB_Elx4h6CP8VGb0
Business-Cat.jpg,http://drive.google.com/uc?export=view&id=1cWAAsJppV3mjB1ZOM7l_OSgbWKZkCS0Z
Austin-Powers-Honestly.jpg,http://drive.google.com/uc?export=view&id=1d5J_hEa57TgtKV15C6z2UqXLOYZqbIWx
Actual-Advice-Mallard.jpg,http://drive.google.com/uc?export=view&id=1emLbNPJja709xMaUGYHjyGgmcuiJWVLf
Tennis-Defeat.jpg,http://drive.google.com/uc?export=view&id=1fDZme3J5mMvxtqj1m7x2Z9gbT4JRTIpn
Peter-Griffin-running-away.jpg,http://drive.google.com/uc?export=view&id=1fVpO8PcbiisBhtCkBA0tvWPIoTq7y_MD
Socially-Awesome-Awkward-Penguin.jpg,http://drive.google.com/uc?export=view&id=1fbI5R4uefri1C1xvt7vE753zLgDieYw1
I-am-the-Senate.jpg,http://drive.google.com/uc?export=view&id=1gGvqV-P1WkqrF6gvRtVXYYcG2K6VcVfS
Chuck-Norris-Laughing.jpg,http://drive.google.com/uc?export=view&id=1gHpNTwtNldadqtNYunSHGhWOqc3scXeU
startrek.jpg,http://drive.google.com/uc?export=view&id=1gjOAemvt-Vud7C0TKOHoYf528bcT-YgF
stupid-sheep.jpg,http://drive.google.com/uc?export=view&id=1iAcN6tFxp0AGWtBYpGhB09h7LIbcsaqZ
Lumbergh.jpg,http://drive.google.com/uc?export=view&id=1iJZ2PEzIWo0NZM0OutZ4xHJLShLtGBxw
wolf-of-wall-street.jpg,http://drive.google.com/uc?export=view&id=1iMgSmwnRk2MA6IzRuO5RyRZSH3yWsZ33
Cereal-Guy-Spitting.jpg,http://drive.google.com/uc?export=view&id=1jTiebcQQoBjAyLL0ORMBDWRs3a8LF7l9
Family-Tech-Support-Guy.jpg,http://drive.google.com/uc?export=view&id=1jjBy3alaI6l1svGO5evY2sU-56o6JV17
One-Does-Not-Simply.jpg,http://drive.google.com/uc?export=view&id=1kMbiHpaHMcRAR4d0rApkBNhW5jnfeDys
Bill-Nye-The-Science-Guy.jpg,http://drive.google.com/uc?export=view&id=1kj3Nu9v15jZ_8I0BQ7m_RDu2PjZkpt7r
I-choose-you.jpg,http://drive.google.com/uc?export=view&id=1lzZzmpUmgfbZYQqm_mkQhm2xbPYzvg64
When-X-just-right.jpg,http://drive.google.com/uc?export=view&id=1m4hrZAAK5v7bHdV7e5Q4pNoSSwc68oNp
Vein-forehead-guy.jpg,http://drive.google.com/uc?export=view&id=1mT8UEDUHQHViBiz3RuBAZTuh6BS84LLz
Are-we-the-baddies.jpg,http://drive.google.com/uc?export=view&id=1nYGUSGd3xuiCCfLJAE9RKrvuAvrWUeTh
I-WANT-YOU.jpg,http://drive.google.com/uc?export=view&id=1oJQSq4z0XYId_wYTtqtCyFfGIQIHWkEd
So-I-Guess-You-Can-Say-Things-Are-Getting-Pretty-Serious.jpg,http://drive.google.com/uc?export=view&id=1okT8gsVzTMDj4SWt8S2VqHl4hBznI9U6
Pony-Shrugs.jpg,http://drive.google.com/uc?export=view&id=1p1_Y4zb-tpm4oGrZGpgYaH4a1h8hOggK
Syndrome-Incredibles.jpg,http://drive.google.com/uc?export=view&id=1ptW_69WEcDbh4MRB2RSb095km-jmKBme
I-Should-Buy-A-Boat-Cat.jpg,http://drive.google.com/uc?export=view&id=1q0LmlBZeU0wLKvYhco9xITsNfNouf29_
Dr-Evil-air-quotes.jpg,http://drive.google.com/uc?export=view&id=1rDwlYqb59Tk_SPNJXkcP5CNnX18KEiGz
Paul-Ryan.jpg,http://drive.google.com/uc?export=view&id=1ruJ7ZtuB99Ixzcd7X3GcPgzLLg91icYL
Table-Flip-Guy.jpg,http://drive.google.com/uc?export=view&id=1szSTrqNOppwfEbKCP74ZaMMtwq1Egu0n
Afraid-To-Ask-Andy-Closeup.jpg,http://drive.google.com/uc?export=view&id=1tVNH07vtl8ckVojezgp24dUvlbfwQ4y-
Advice-Dog.jpg,http://drive.google.com/uc?export=view&id=1tpEWZz1e8w13fP9hveaa1wHuipP9-4wX
Its-Not-Going-To-Happen.jpg,http://drive.google.com/uc?export=view&id=1ts86xhiJ6p3J6uiJ6M9PiZtZIWcWkz_J
Seinfeld-Newman.jpg,http://drive.google.com/uc?export=view&id=1uPM3Z_yIYi_vVLVyZYdf0StaeRwq5m1y
Confused-Lebowski.jpg,http://drive.google.com/uc?export=view&id=1uWBJ7AuPi6vyEAq5k86tEQCKYcHhdMVg
Bear-Grylls.jpg,http://drive.google.com/uc?export=view&id=1ugyZv5_eGL46wlHMXZb7rkaRpD_YTvSj
Barney-Stinson-Win.jpg,http://drive.google.com/uc?export=view&id=1umkn7dFEMeJtKexGIEXNvapBFNEKvxof
Blankie-the-Shocked-Dog.jpg,http://drive.google.com/uc?export=view&id=1umxPvZMzhVbRefweXfgHud1OgLbFQmme
Oh-My-God-Orange.jpg,http://drive.google.com/uc?export=view&id=1v6CA2ireXOpfTiiyisaYM2FPRw6nB5ke
Buddy-the-elf-excited.jpg,http://drive.google.com/uc?export=view&id=1yNNQLtZQkxCyz2pY8rpRcEx7Pfw8AkGe
Baby-Insanity-Wolf.jpg,http://drive.google.com/uc?export=view&id=1yOBLbp5GKTaRBWOISLuG-CWuVmTlc0Ba
Look-At-All-These.jpg,http://drive.google.com/uc?export=view&id=1z8FO6OBJqh4b4yO7j1nZ3VJz-moXEDKT
Success-Kid.jpg,http://drive.google.com/uc?export=view&id=1zrGw8fsRI0_kIoSKGY5y5JiZ8h3UFRqa
Jon-Stewart-Skeptical.jpg,http://drive.google.com/uc?export=view&id=1-OaPAdNzXHG8UzHbMEVQLjMaEViC22L1
CASHWAG-Crew.jpg,http://drive.google.com/uc?export=view&id=112FS0r5dwyKyOs14bsLmFeqkOedX-meG
Sudden-Clarity-Clarence.jpg,http://drive.google.com/uc?export=view&id=11wJkQWxuGggcKx032sis0CBftxpUV-j2
You-have-no-power-here.jpg,http://drive.google.com/uc?export=view&id=12nNN5uHTZFHpK0ATFR1rmAjlj7RIDwW9
Mr-T.jpg,http://drive.google.com/uc?export=view&id=12siqwUIQYiSK2X2jl0SKDRRZlETMjeqj
Photogenic-College-Football-Player.jpg,http://drive.google.com/uc?export=view&id=131g1E7w-5vNUy0ADM8KNilQ09KSouWKP
Dr-Evil.jpg,http://drive.google.com/uc?export=view&id=14OAqHUBNCftwMSNfqdcyOl2aC-XvyLxT
The-Critic.jpg,http://drive.google.com/uc?export=view&id=14ma3uAamON78-pF2N-uF5E2QIQoyX4Lo
Fist-pump-baby.jpg,http://drive.google.com/uc?export=view&id=15iIZW2tDJYqBWsZ0BeIIH_tROmikD2F6
Foul-Bachelor-Frog.jpg,http://drive.google.com/uc?export=view&id=15kWNd_tbtiz8eq9Wdp0uXlIUxZbek8tK
FINALLY.png,http://drive.google.com/uc?export=view&id=15poc1iZooaPrpEa2fFnGPDoHKOS4yCfM
Net-Noob.jpg,http://drive.google.com/uc?export=view&id=174dIHm60kltni6u2vbNa4WiwhQVKbwmG
Back-In-My-Day.jpg,http://drive.google.com/uc?export=view&id=17OFPzHToY077Pv0OVwg1NL0jI_OtoQrm
FLOODING-THUMBS-UP.jpg,http://drive.google.com/uc?export=view&id=19BOQajOe39UpcEAnU9nJGNxRprGAC_Hd
Nicolas-cage.jpg,http://drive.google.com/uc?export=view&id=1A1s_eo60Ane1KCmKs3OYKCbQj_2Z7yyG
Scumbag-Minecraft.jpg,http://drive.google.com/uc?export=view&id=1A8F9_S-b5lw2DdhQIMGLrbK3zNA2HA2t
Jesus-Talking-To-Cool-Dude.jpg,http://drive.google.com/uc?export=view&id=1BNZwQHIhtZnWCLhzCQ3g4jxtyYdaXpu3
Oh-No.jpg,http://drive.google.com/uc?export=view&id=1BNpZagPxmd1R4Xqw0Ye6tYad8mvJUr3T
McKayla-Maroney-Not-Impressed2.jpg,http://drive.google.com/uc?export=view&id=1BvBXQ8i8Fg0MIPEyEnUUu5vjwyU5NV4I
Fast-Furious-Johnny-Tran.jpg,http://drive.google.com/uc?export=view&id=1CG5VqgF6TjvKFOoQTRtZEZ3fQyROkvIJ
Lazy-College-Senior.jpg,http://drive.google.com/uc?export=view&id=1CQsLG8Kp46fcyioohc_LIrcvOGJ4F1js
Steve-Harvey.jpg,http://drive.google.com/uc?export=view&id=1DGf7dbu3KNgeVlN-uCFA6bQNNAhfj7AF
ralph-wiggum.jpg,http://drive.google.com/uc?export=view&id=1DmnI2jMvBr-9kMyZl_YFXgZLzgDXZmx-
Chubby-Bubbles-Girl.jpg,http://drive.google.com/uc?export=view&id=1ETY9tIP4QMFbdpRSYw868XXjwu2Lbu65
tired-cat.jpg,http://drive.google.com/uc?export=view&id=1EVSSrHUPnbLpVMzkUcxDSbn2PNLvnRGA
sweating-bullets.jpg,http://drive.google.com/uc?export=view&id=1EVdOHfrDWsRREZty91l4hC64kRzU9fD5
Going-to-need-a-bigger-boat.jpg,http://drive.google.com/uc?export=view&id=1FwSeIjIKtN7unJQFlAuJRCaMUPnat7Xt
Penguin-Gang.jpg,http://drive.google.com/uc?export=view&id=1Gms5ZjQ5e3NgWA3FNAz0RLEeRBq5ri3f
Condescending-Goku.jpg,http://drive.google.com/uc?export=view&id=1H9Y9Gxm5oRQvkoLeij2fRE3vQN8Kzre1
Advice-Yoda.jpg,http://drive.google.com/uc?export=view&id=1HQqgPQ0BHd2lcvh7YUs1q2v3ZJZsd-G5
Crazy-Hispanic-Man.jpg,http://drive.google.com/uc?export=view&id=1HTL5aK1ksnt0ujqTmvuXatfM1Q5Xwwro
Bubba-And-Barack.jpg,http://drive.google.com/uc?export=view&id=1HeFaqjijTCEnFNEuf-VHb-nUc73v9kWH
You-Underestimate-My-Power.jpg,http://drive.google.com/uc?export=view&id=1Hgp4-0mD1RHNdC3vtSOW9vI9uvLXdokC
Evil-Plotting-Raccoon.jpg,http://drive.google.com/uc?export=view&id=1HvomheQGc-jGQvDKOYINPJ59FZWk2p6k
Chester-The-Cat.jpg,http://drive.google.com/uc?export=view&id=1I15JE60PigKxYOZo-ur7FaYs0mXdE-Fm
Babushkas-On-Facebook.jpg,http://drive.google.com/uc?export=view&id=1Iciz3z6ZX_lX3qnJr2sLblTCsXvkj3Vw
Okay-Truck.jpg,http://drive.google.com/uc?export=view&id=1IiscT75Kl774AUwb0orPXI4Lqr9E_7yh
minions.jpg,http://drive.google.com/uc?export=view&id=1JnXHpVkxyvzp1EdoaEZmixvao-ecFjtK
The-Most-Interesting-Cat-In-The-World.jpg,http://drive.google.com/uc?export=view&id=1Kzb7GyZ7-0IzcfLGYvZ5UWN3KALMTLuz
Zombie-Overly-Attached-Girlfriend.jpg,http://drive.google.com/uc?export=view&id=1MRNeq-AOg7RLXWuTZF0nPUVepurT34xA
Happy-Minaj-2.jpg,http://drive.google.com/uc?export=view&id=1MeDzrBSLco_7hLfw5c5InctN7DGH90-B
Futurama-Leela.jpg,http://drive.google.com/uc?export=view&id=1NRoXqHOo-Dz9VSw4keaIPzZiQMaM0h1D
Malicious-Advice-Mallard.jpg,http://drive.google.com/uc?export=view&id=1NTbA4Rt5gso7EMuxw1DEUx8rcIIBDP7b
Really-Evil-College-Teacher.jpg,http://drive.google.com/uc?export=view&id=1OE8J8Nas19i0_2R982S76nmBKpBGMJSF
Dr-Evil-Quotes.jpg,http://drive.google.com/uc?export=view&id=1Py13xLJOV17DA41zUZmqGVWfxSuKnEJp
USA-Lifter.jpg,http://drive.google.com/uc?export=view&id=1Q8AI5X8zRsx6HT1gRJf5LIyTWAxc0v6W
Lethal-Weapon-Danny-Glover.jpg,http://drive.google.com/uc?export=view&id=1T3z_pNBPyI2LgIuezSACgmP2hK03kRCO
Black-Panther---Get-this-man-a-shield.jpg,http://drive.google.com/uc?export=view&id=1TmSMQtMgZlo7cvLshkGdiMfBvfnan4cS
And-then-I-said-Obama.jpg,http://drive.google.com/uc?export=view&id=1UmL4GLbpfT5NIovDZ9VN4oRpny0N9bfC
Scene-Wolf.jpg,http://drive.google.com/uc?export=view&id=1UsVE8svNmC4b-r-wd-mlcmj4dnsg5oEP
maury-povich.jpg,http://drive.google.com/uc?export=view&id=1VCvlEjMEEYX0TYa-aaaG8dp0uCWk8ds7
Monkey-OOH.jpg,http://drive.google.com/uc?export=view&id=1VEBf0ANgAYs-RPTU0u8XIogVgIJCAk3o
Why-you-no.jpg,http://drive.google.com/uc?export=view&id=1VL9w7TL2yazmW57icxOTUpgIQdpBWMGz
Walk-Into-Mordor.jpg,http://drive.google.com/uc?export=view&id=1VkZCX9eBq91U0jNuznw8GbAWxjjax9H6
First-World-Problems.jpg,http://drive.google.com/uc?export=view&id=1WlCqWelxalvlO5-v82yV1retuZXXsmqb
Downvoting-Roman.jpg,http://drive.google.com/uc?export=view&id=1X94hCg1B8sFyExJoMlLGv8FrWp5CIjT8
Futuristic-Utopia.jpg,http://drive.google.com/uc?export=view&id=1XHrunwVVYuHcoicCVbcc36ee-2Awr_Mu
Scumbag-Redditor.jpg,http://drive.google.com/uc?export=view&id=1YTiUf9aYmUbYekFHlVOGSyRyRO-3R5CB
Steve-Jobs.jpg,http://drive.google.com/uc?export=view&id=1Ygnk8A9LY_iPwfodRPaDFDVTvSXYh-nV
Pepe-Silvia.jpg,http://drive.google.com/uc?export=view&id=1ZJugacSNsA4AiRkjc9cSlOQ1OkB0EKjs
Office-Space-Bill-Lumbergh.jpg,http://drive.google.com/uc?export=view&id=1ZaJD08MKwICxCTToO8H6LPweMO2q90ea
Lame-Pun-Coon.jpg,http://drive.google.com/uc?export=view&id=1ZfEshAJ561G8n1hDT16qQ5_lgOYqNEwq
Grumpy-Cat-Table.jpg,http://drive.google.com/uc?export=view&id=1a1E9xg1207gUWt_Xro6ETVZVBcCvfSns
Bernie-Sanders-Once-Again-Asking.png,http://drive.google.com/uc?export=view&id=1aIi-yUWY9VvLg_Pc2_5LSTwuvE087xri
Dating-Site-Murderer.jpg,http://drive.google.com/uc?export=view&id=1buhO0aNUEO9FaGxr7iagGOqfuCV7lLcY
OMG-Karen.jpg,http://drive.google.com/uc?export=view&id=1dP19bQSIqNsCWgaKz2p0PNOAJSieOnZZ
Determined-Guy-Rage-Face.jpg,http://drive.google.com/uc?export=view&id=1dUzrmCmdy2-cRj36yZn2QGTuwyOrvgn9
BABY-CRYING.jpg,http://drive.google.com/uc?export=view&id=1dyPLNBLjoaMwpvBGliAfbej0UvXQbW1S
Overly-Attached-Girlfriend.jpg,http://drive.google.com/uc?export=view&id=1eVud6F5cYDxFI49V74csHuRMYk7Xik6F
Ben-Barba-Pointing.jpg,http://drive.google.com/uc?export=view&id=1f1GFw3i7IU--LLAXsDduKRl2jXJeU7On
Super-Kami-Guru-Allows-This.jpg,http://drive.google.com/uc?export=view&id=1gHXvW6VCh93WrCRsnXwMFw9JxU8Pd0n6
Leonardo-DiCaprio-throwing-Money.jpg,http://drive.google.com/uc?export=view&id=1gzsI_J81nAJFQDaPjzdQiaiC2FoyxLLo
Sad-Baby.jpg,http://drive.google.com/uc?export=view&id=1hSdCL_E_Nfq2Fq50IQHTAeewEa0PCOR-
Gatsby-toast.jpg,http://drive.google.com/uc?export=view&id=1i--a44XgPgsyLGZb_6Y1GCu-Sxv4TtF3
Brian-Williams-Was-There-3.jpg,http://drive.google.com/uc?export=view&id=1i67IoDyiftbnAAyRQOw0HsZm1Fa6fgqr
Friend-Zone-Fiona.jpg,http://drive.google.com/uc?export=view&id=1j4f0nxGStnBpJen9W6_igxXIj1GUMitO
Math-is-Math.jpg,http://drive.google.com/uc?export=view&id=1lF17UWOZtKR6R0o5OZ-fvXn5LRI93l7t
Skeptical-Baby.jpg,http://drive.google.com/uc?export=view&id=1mPpByA8aqN83K36ww8V51x8Ha7shG0JH
Hawkward.jpg,http://drive.google.com/uc?export=view&id=1mSTuUCAVIA77sBkDPKhurjheBREpsm09
Hedonism-Bot.jpg,http://drive.google.com/uc?export=view&id=1mq9RBmy02S1dbBW0NhU2-SnIso_KYfzj
City-Bear.jpg,http://drive.google.com/uc?export=view&id=1nX5WCx1rmlYtV6_QgVp9d8JMnat-OHAL
Patrick-Henry.jpg,http://drive.google.com/uc?export=view&id=1nmdQdtYnux6I4afTQiyQKHswKfhIk8dH
Itd-Be-A-Lot-Cooler-If-You-Did.jpg,http://drive.google.com/uc?export=view&id=1oGcDsCMtdpUSb-jgetkZSVtmr90R-CF2
I-See-Dead-People.jpg,http://drive.google.com/uc?export=view&id=1phVGBr8SVDZW6WwBGgQDCy2vTSQHhAjl
Wrong-Number-Rita.jpg,http://drive.google.com/uc?export=view&id=1pyRhoOqKGo0DY5VG3swyvBXzZnOdqc8o
Cereal-Guys-Daddy.jpg,http://drive.google.com/uc?export=view&id=1q6sAHhRaajvk1L_MF-XW7uwMRBfRwXFF
Samuel-Jackson-Glance.jpg,http://drive.google.com/uc?export=view&id=1qcpfls90MLS6ftTr3Dm9IT9KM8o5VeH5
borat.jpg,http://drive.google.com/uc?export=view&id=1rEZmaaOScZi-xLo6GUW72dgJRO4mff3E
Robert-Downey-Jr-Annoyed.jpg,http://drive.google.com/uc?export=view&id=1rkhHjfXNrbnJNDXy1jLmAWjsZ89lvLw7
And-Just-Like-That.jpg,http://drive.google.com/uc?export=view&id=1sT1h7hz8JSIIz7SzQLN2XGbmauxpCnYm
Overjoyed.jpg,http://drive.google.com/uc?export=view&id=1scF1gOYVDoyPL0c6Y-xa4dj5iMd0Or92
First-World-Problems-Cat.jpg,http://drive.google.com/uc?export=view&id=1tsMnUazHfoxqVDUguYL3l8KmK-2qmXBJ
Baby-Godfather.jpg,http://drive.google.com/uc?export=view&id=1uCKKI7R4YgkEpX4MG1tGMjBtjl-mv306
Brace-Yourselves-X-is-Coming.jpg,http://drive.google.com/uc?export=view&id=1utiNWSpOW1lCwLRU4qwJGWfCBUw0M_vC
Spangles.jpg,http://drive.google.com/uc?export=view&id=1vFM0t01mmdVbVb5CqNvXadquDQVw_4FZ
Frustrated-Boromir.jpg,http://drive.google.com/uc?export=view&id=1vKEr1Q2JodtOmcQ6KMVX_b9TOuyMTlcN
Predator.jpg,http://drive.google.com/uc?export=view&id=1w19y-KRzx5LFJUtGE7bPHT2JitqWLKyy
TED.jpg,http://drive.google.com/uc?export=view&id=1w21ItLgNIQcVwDXSd5VejrXZf7z9H2ls
Herm-Edwards.jpg,http://drive.google.com/uc?export=view&id=1wr9M7c371AwjA0NiDhRMAMLZEb05AeCL
Star-Wars-Darth-Vader-Altering-the-Deal.jpg,http://drive.google.com/uc?export=view&id=1xCYbDJlxFGvETieKKaKmvm-xpNdgFTUr
Creepy-Condescending-Wonka.jpg,http://drive.google.com/uc?export=view&id=1-suWXsKxCeWTOmM-6C5a4WybzQ3zAwWB
Idiot-Nerd-Girl.jpg,http://drive.google.com/uc?export=view&id=10pIlLtXCo6cfxYKgYDAfIzF-NV_PWG01
Thumbs-Up-Rambo.jpg,http://drive.google.com/uc?export=view&id=113AD1OjJmrP17mYN_ROBoxLkpcH7zie0
Dinosaur.jpg,http://drive.google.com/uc?export=view&id=11lGCbdaLNeC3ukkF3z7pRzKPwvZ8mX0s
Mugatu-So-Hot-Right-Now.jpg,http://drive.google.com/uc?export=view&id=11zQMm70n8HStewkeOQznP3IgPPyQwVsY
Confession-Kid.jpg,http://drive.google.com/uc?export=view&id=12kCje9TLWNVIJsVEbSIYcgm2i5rGaut4
Socially-Awesome-Penguin.jpg,http://drive.google.com/uc?export=view&id=12zEV5WqGxMpd7HQmD_QXyX516tog2f98
Shrek-Cat.jpg,http://drive.google.com/uc?export=view&id=14T9SjhAV7LXuGj9iXavhjMeQ8EdatcZp
Brian-Burke-On-The-Phone.jpg,http://drive.google.com/uc?export=view&id=14k1-CqjbtpoqLGUL2jyXzQmmtRkFnGSe
Superior-Royalty.jpg,http://drive.google.com/uc?export=view&id=14rWxEcK7EYSZ3PAVELw9t3cHgovfgY3c
Depressed-Cat.jpg,http://drive.google.com/uc?export=view&id=15yAqf6wpvbKk3hdrKgXhwnfNoYIh6ZU1
Relaxed-Office-Guy.jpg,http://drive.google.com/uc?export=view&id=16JeWXYI9RuxSLlJDqBJBwFiwVY7eaLyx
Dexter.jpg,http://drive.google.com/uc?export=view&id=16yksR8Z0PSFl7XVQxZ6y59YjQk7GIdLQ
Life-Sucks.jpg,http://drive.google.com/uc?export=view&id=17erCedMixvG37kMSkNhJWv-eRXC50iAX
Rasta-Science-Teacher.jpg,http://drive.google.com/uc?export=view&id=187p61NDEt1VKMnipPD4kPQl1QZwAJV_x
Tech-Impaired-Duck.jpg,http://drive.google.com/uc?export=view&id=18JCUjR6tJCsgHtBbWNtEFvq94O5Kibxy
Is-Fortnite-Actually-Overrated.jpg,http://drive.google.com/uc?export=view&id=18gA-uQCj82g9iqMzJ7j3hnP9Fpa9ppuq
Archer.jpg,http://drive.google.com/uc?export=view&id=19haokuRMJM2eFlTLmWzCE6fwx_RJVcYu
I-Was-Told-There-Would-Be.jpg,http://drive.google.com/uc?export=view&id=1AKyvUMWgX0-V3cmdnbN7w60ipzBVFwjx
Maroney-And-Obama-Not-Impressed.jpg,http://drive.google.com/uc?export=view&id=1Ag7vfgAlqVQszykiWH3S0K3x4FFv63X-
Straight-to-Jail.jpg,http://drive.google.com/uc?export=view&id=1B7WtFXo5EW2izkhF7JDrWpm6ZLAzhJb5
Blackjack-and-Hookers.jpg,http://drive.google.com/uc?export=view&id=1BsbUDGhEzCcpuXmbHK0ZFSK9cxG7e4zE
Mr-Black-Knows-Everything.jpg,http://drive.google.com/uc?export=view&id=1C4Pz1Dx1qS_iRb4NGOv9_8FEGoHBFeMV
Gotta-Go-Cat.jpg,http://drive.google.com/uc?export=view&id=1Cc1Gx_tuBMLZR0CeZxZ19L8Aq7DJD_3D
Unhelpful-High-School-Teacher.jpg,http://drive.google.com/uc?export=view&id=1CnF5nu_umoSIhvNd-5K0B18dz9JsvVO4
I-Guarantee-It.jpg,http://drive.google.com/uc?export=view&id=1D-QOIyBsYRQl1SHYmA2VdaEqsiJCBBTh
Eighties-Teen.jpg,http://drive.google.com/uc?export=view&id=1Dr5VNyapcvDS1BItSkiF3Uxoa6w7JF59
Secure-Parking.jpg,http://drive.google.com/uc?export=view&id=1EEmQi9n19oepCIXEsmn4Upe7Tq_TyKob
Tears-Of-Joy.jpg,http://drive.google.com/uc?export=view&id=1EpjIhJJWVTWqdrc6IaiHmy51EMP1Keid
Original-I-Lied.jpg,http://drive.google.com/uc?export=view&id=1FXhAbqhxbod6WAB0lLQsmVvmiBqQRDFh
Alarm-Clock.jpg,http://drive.google.com/uc?export=view&id=1FbmToQuZmoZX3uWXhvfnwJAapod1gnhy
Weird-Stuff-I-Do-Potoo.jpg,http://drive.google.com/uc?export=view&id=1GJDYFivQZWfyZmj4WSvsUT91kmyigRIF
Muschamp.jpg,http://drive.google.com/uc?export=view&id=1GyHp23n1zpKL1QvwPQTRsvCq2-QrAhJc
Big-Bird-And-Mitt-Romney.jpg,http://drive.google.com/uc?export=view&id=1HNXwMEOFTc3_UNTfmkX_kPXdc-Wq07JZ
Confused-Little-Girl.jpg,http://drive.google.com/uc?export=view&id=1HZh7gS4IBgIjI6hVw5eHc133Ehv3Sj-A
CURLEY.jpg,http://drive.google.com/uc?export=view&id=1HwMHosl2MCKGgy5rLq0YH7XTp7WACMYx
Bitch-Please.jpg,http://drive.google.com/uc?export=view&id=1J4D_SuIWSD4_kb3EE1_6wsoNS_FOkede
help-me-obi-wan.jpg,http://drive.google.com/uc?export=view&id=1JGk71wofoa5LgBKaIl-pCagS4X-Epb3z
Overly-Suave-IT-Guy.jpg,http://drive.google.com/uc?export=view&id=1KG3LaTDvekT0LREGClaBp6R0buQ5Jj3-
Pawn-Stars-Best-I-Can-Do.jpg,http://drive.google.com/uc?export=view&id=1L6J8OnptfDr3myhnI3cFQuq3nTpLBU9F
Surprised-CatMan.jpg,http://drive.google.com/uc?export=view&id=1L8iZAGtS6Tvp0oZgbIPoEujgFvDsmhI1
Evil-Cows.jpg,http://drive.google.com/uc?export=view&id=1LRFFJgiHcjAZvxRSvC7Q72hC3b5SF_RK
Misunderstood-Mitch.jpg,http://drive.google.com/uc?export=view&id=1LcQcjN8-Xb15uaC9ivQG6YJjLVKvZvej
Maury-Lie-Detector.jpg,http://drive.google.com/uc?export=view&id=1MscxIWztAX4RUBqHYmRvXX_OdO-uRHgl
Hold-fart.jpg,http://drive.google.com/uc?export=view&id=1PIys2rSGGALJpUgg88g-wr5QhUnLc8mZ
Rebecca-Black.jpg,http://drive.google.com/uc?export=view&id=1RkpHdUmOqg7Q0rSTjDXUxi8MuIFX8TKH
Oliver-Twist-Please-Sir.jpg,http://drive.google.com/uc?export=view&id=1SUZK8j_plYIAkN1kp8GFyCyR6oSBxnK3
Paranoid-Parrot.jpg,http://drive.google.com/uc?export=view&id=1TlhNeCb6CoWyyNQFkihwKW5JeKSrSLYE
Michael-Scott.jpg,http://drive.google.com/uc?export=view&id=1UXJvEF2aMOe2WQbDC07lbU3SR5QjQ3DH
Too-Drunk-At-Party-Tina.jpg,http://drive.google.com/uc?export=view&id=1UeFMyUd3vNpwCDjvzDezewdwuaxFv6-3
Stoner-PhD.jpg,http://drive.google.com/uc?export=view&id=1VPHo48tv9jU_XYGT4gDPeg4200pbPhpc
Grumpy-Cat-Reverse.jpg,http://drive.google.com/uc?export=view&id=1W3Y1IOgysSvTmt1E1Z6H0CC1D_lTUGci
Ron-Swanson.jpg,http://drive.google.com/uc?export=view&id=1WMrSSaqXzVgyY3Tfs5oCLRkLiCGj_UPn
stoned-guy.jpg,http://drive.google.com/uc?export=view&id=1Wdd5KOGbYWX9W3somQtjU4eUE6vdstHF
Happy-Birthday.jpg,http://drive.google.com/uc?export=view&id=1XdspuOLup-QQQUZpYgcIfe429_KbRlFN
Bothered-Bond.jpg,http://drive.google.com/uc?export=view&id=1Xpm_Aqpn3_dFrBGABrnGCgjc7TITuE2L
Insanity-Wolf.jpg,http://drive.google.com/uc?export=view&id=1Y1lUII1yDYgIhTsnVkCWP2sm9lqkE9Yf
Barack-And-Kumar-2013.jpg,http://drive.google.com/uc?export=view&id=1Y4xlS2wILnQ5RmMU4tLkxulJVvPctg3k
Scooby-Doo.jpg,http://drive.google.com/uc?export=view&id=1YO7W3FOo5VqEpqPLZXZ5MeAzOqTm8yuy
Fat-Val-Kilmer.jpg,http://drive.google.com/uc?export=view&id=1a6_qjFjQE8TrS2b-FUdyfugwcFaxn75y
Bad-Wife-Worse-Mom.jpg,http://drive.google.com/uc?export=view&id=1bBkxPVKtarKxXkGLFYNexj-E5KCiyy6O
Chavez.jpg,http://drive.google.com/uc?export=view&id=1bCqe1BNmJuktTznfHHSKmYrPyn32aOdd
Chill-Out-Lemur.jpg,http://drive.google.com/uc?export=view&id=1bKDzmwPMxaBgdiCdSv1UDq-AhJ773LkL
Monkey-Business.jpg,http://drive.google.com/uc?export=view&id=1ci04ysK1IucoGwu3dHPWVkodBfAPiN-X
crack.jpg,http://drive.google.com/uc?export=view&id=1fD1DNXfxYNrfjOXkXdB5mGTmhI-KQLzS
Brian-Williams-Was-There-2.jpg,http://drive.google.com/uc?export=view&id=1fgJdZFBmCLJCkbL71xa53TEoSbI9vYeB
Love.jpg,http://drive.google.com/uc?export=view&id=1gZyxLBMNrDAL_bnEwVG1eUGtH5APw-EI
Vein-popping-kid.jpg,http://drive.google.com/uc?export=view&id=1gbafD-9Ur109DqDqk5dzqDw-yk9u5lv1
Facepalm-Bear.jpg,http://drive.google.com/uc?export=view&id=1hIfGgwKXHdtAqHqTFHzm70WdDU6AmZk1
Kermit-sipping-tea.jpg,http://drive.google.com/uc?export=view&id=1hkCJmNQGzgTJ0DBgoWFvlFfeLN-14TmE
Laughing-Men-In-Suits.jpg,http://drive.google.com/uc?export=view&id=1jX1YY2j9zSDOhkX2thmqlnXreXjy7F5G
Sad-Spiderman.jpg,http://drive.google.com/uc?export=view&id=1jrOUwQNQ4CftgCX_LgUObGP-vPSj1quA
Karate-Kyle.jpg,http://drive.google.com/uc?export=view&id=1m4MosBZv6_a8cqv4N76UM4gZukbQ9Khv
Questionable-Strategy-Kobe.jpg,http://drive.google.com/uc?export=view&id=1mlVpp0KcIavSDK2kfk_kWXljaBlXEfnM
Computer-Guy.jpg,http://drive.google.com/uc?export=view&id=1mtf6VX-wKxFhXEF9lUTE254qdzWwDQ2z
Harry-Potter-Ok.jpg,http://drive.google.com/uc?export=view&id=1n-AP-Dicpn0SV1x2iA5WAyoXlO9dNynS
Star-Trek-Kirk-Khan.jpg,http://drive.google.com/uc?export=view&id=1owddVT-Q4WvPS3vMvM8V3TLgpOr-uKvF
Baby-Yoda.jpg,http://drive.google.com/uc?export=view&id=1pMpxXNBgonB5bbadA_TX1dk9cZ6RrJzN
Samuel-L-Jackson-say-one-more-time.jpg,http://drive.google.com/uc?export=view&id=1pRv-E9WWMK5oKGl-iuedFVMlAdH9WtuL
Zombie-Bad-Luck-Brian.jpg,http://drive.google.com/uc?export=view&id=1pYk_ibNIa4-Acfhl4XyAoBjL4r-sO_Is
Confused-Mel-Gibson.jpg,http://drive.google.com/uc?export=view&id=1qXCPSWbP2Cca1uErxMisZPZZC8pJ_6YD
excited.jpg,http://drive.google.com/uc?export=view&id=1sZteTbYqOTzuRnPmhAY8hYOdTRHzU0kh
Smug-Bear.jpg,http://drive.google.com/uc?export=view&id=1smn6clyLqnV8r7cYPMEtIVW0cWe0CmOt
Forever-Alone-Happy.jpg,http://drive.google.com/uc?export=view&id=1t0EBbYrxYvSuOvbiG8LpXnXbFioi6eJL
Jerkoff-Javert.jpg,http://drive.google.com/uc?export=view&id=1t3d5hl53_wxQaywQg-359xzUWO9uJcEE
dr-evil-pinky.jpg,http://drive.google.com/uc?export=view&id=1tfDFaQM28k6gSiYkZt0SkANHHvsMbczW
Scrooge-McDuck-2.jpg,http://drive.google.com/uc?export=view&id=1umYfUtvNtF-T_jtOvJHBTgNzry5393Z0
PHTEVEN.jpg,http://drive.google.com/uc?export=view&id=1uogzUcNqucIiaTelnBqwxfKoKNTqh-Ae
Karen.jpg,http://drive.google.com/uc?export=view&id=1v6xUZX2wsU_4qaCj4ytiD1CaMMAvUcTn
Rich-men-laughing.jpg,http://drive.google.com/uc?export=view&id=1wET6J37UA7IamBnW11jq9yoksadSHHkN
Grumpy-Cat-Top-Hat.jpg,http://drive.google.com/uc?export=view&id=1xWA8qTTSGSE8q-t6PVnicQxcnQ_2_D18
Whose-Line-is-it-Anyway.jpg,http://drive.google.com/uc?export=view&id=1yKct0l3vHuIefgXBc9Nnev1z5CH87poq
yoda-smell.jpg,http://drive.google.com/uc?export=view&id=1yQVQXuh88OAumKLqHTDg_ei59FmX1pcp
Albert-Einstein-1.jpg,http://drive.google.com/uc?export=view&id=1yX55GFtRipNYr6jLVQ6cGKuWv_lOSjjq
Hardworking-Guy.jpg,http://drive.google.com/uc?export=view&id=1ytmbj_02qLwZgdJWXoPIwNQdEBQQNEzm
What-Year-Is-It.jpg,http://drive.google.com/uc?export=view&id=1zJ-Cwo86vVKE3MsMqxr9dalzgdibs0jr
Wake-Up-Babe.jpg,http://drive.google.com/uc?export=view&id=1zRdXgr9-TQaiHMlrRfRkwtz3vC3i2G97
Foul-Bachelorette-Frog.jpg,http://drive.google.com/uc?export=view&id=1z_B52XEHAjant5a5uUeTtq-dX_rtYJcC
yoda.jpg,http://drive.google.com/uc?export=view&id=1zjePoeVYRw1VNt0mr8O-G-LWP2e1hF1c
Mad-Money-Jim-Cramer.jpg,http://drive.google.com/uc?export=view&id=1zkdY2iZ-VsiPxaeIhn7rehGoMvdq12Z7