filename,img_url
One-Does-Not-Simply.jpg,https://imgflip.com/s/meme/One-Does-Not-Simply.jpg
Ancient-Aliens.jpg,https://imgflip.com/s/meme/Ancient-Aliens.jpg
Success-Kid.jpg,https://imgflip.com/s/meme/Success-Kid.jpg
Laughing-Leo.png,https://imgflip.com/s/meme/Laughing-Leo.png
Pawn-Stars-Best-I-Can-Do.jpg,https://i.imgflip.com/19vcz0.jpg
Futurama-Fry.jpg,https://imgflip.com/s/meme/Futurama-Fry.jpg
Leonardo-Dicaprio-Cheers.jpg,https://imgflip.com/s/meme/Leonardo-Dicaprio-Cheers.jpg
Bernie-Sanders-Once-Again-Asking.png,https://i.imgflip.com/3pdf2w.png
Star-Wars-Yoda.jpg,https://imgflip.com/s/meme/Star-Wars-Yoda.jpg
The-Most-Interesting-Man-In-The-World.jpg,https://imgflip.com/s/meme/The-Most-Interesting-Man-In-The-World.jpg
Imagination-Spongebob.jpg,https://imgflip.com/s/meme/Imagination-Spongebob.jpg
That-Would-Be-Great.jpg,https://imgflip.com/s/meme/That-Would-Be-Great.jpg
Scared-Cat.jpg,https://imgflip.com/s/meme/Scared-Cat.jpg
Yo-Dawg-Heard-You.jpg,https://imgflip.com/s/meme/Yo-Dawg-Heard-You.jpg
Afraid-To-Ask-Andy.jpg,https://imgflip.com/s/meme/Afraid-To-Ask-Andy.jpg
Mugatu-So-Hot-Right-Now.jpg,https://imgflip.com/s/meme/Mugatu-So-Hot-Right-Now.jpg
Bad-Luck-Brian.jpg,https://imgflip.com/s/meme/Bad-Luck-Brian.jpg
Laughing-Men-In-Suits.jpg,https://imgflip.com/s/meme/Laughing-Men-In-Suits.jpg
First-World-Problems.jpg,https://imgflip.com/s/meme/First-World-Problems.jpg
Cute-Cat.jpg,https://imgflip.com/s/meme/Cute-Cat.jpg
Dont-You-Squidward.jpg,https://imgflip.com/s/meme/Dont-You-Squidward.jpg
Too-Damn-High.jpg,https://imgflip.com/s/meme/Too-Damn-High.jpg
I-Should-Buy-A-Boat-Cat.jpg,https://imgflip.com/s/meme/I-Should-Buy-A-Boat-Cat.jpg
Shut-Up-And-Take-My-Money-Fry.jpg,https://imgflip.com/s/meme/Shut-Up-And-Take-My-Money-Fry.jpg
Grumpy-Cat.jpg,https://imgflip.com/s/meme/Grumpy-Cat.jpg
The-future-world-if.jpg,https://i.imgflip.com/2ynjel.jpg
Giga-Chad.jpg,https://i.imgflip.com/35bdwf.jpg
But-Thats-None-Of-My-Business.jpg,https://imgflip.com/s/meme/But-Thats-None-Of-My-Business.jpg
Mocking-Spongebob.jpg,https://imgflip.com/s/meme/Mocking-Spongebob.jpg
Waiting-Skeleton.jpg,https://imgflip.com/s/meme/Waiting-Skeleton.jpg
Y-U-No.jpg,https://imgflip.com/s/meme/Y-U-No.jpg
Grandma-Finds-The-Internet.jpg,https://imgflip.com/s/meme/Grandma-Finds-The-Internet.jpg
Brace-Yourselves-X-is-Coming.jpg,https://imgflip.com/s/meme/Brace-Yourselves-X-is-Coming.jpg
Creepy-Condescending-Wonka.jpg,https://imgflip.com/s/meme/Creepy-Condescending-Wonka.jpg
X-All-The-Y.jpg,https://imgflip.com/s/meme/X-All-The-Y.jpg
Captain-Picard-Facepalm.jpg,https://imgflip.com/s/meme/Captain-Picard-Facepalm.jpg
Evil-Toddler.jpg,https://imgflip.com/s/meme/Evil-Toddler.jpg
Matrix-Morpheus.jpg,https://imgflip.com/s/meme/Matrix-Morpheus.jpg
Philosoraptor.jpg,https://imgflip.com/s/meme/Philosoraptor.jpg
Picard-Wtf.jpg,https://imgflip.com/s/meme/Picard-Wtf.jpg
10-Guy.jpg,https://imgflip.com/s/meme/10-Guy.jpg
Dr-Evil-Laser.jpg,https://imgflip.com/s/meme/Dr-Evil-Laser.jpg
Sparta-Leonidas.jpg,https://imgflip.com/s/meme/Sparta-Leonidas.jpg
Maury-Lie-Detector.jpg,https://imgflip.com/s/meme/Maury-Lie-Detector.jpg
Confession-Bear.jpg,https://imgflip.com/s/meme/Confession-Bear.jpg
Back-In-My-Day.jpg,https://imgflip.com/s/meme/Back-In-My-Day.jpg
Awkward-Moment-Sealion.jpg,https://imgflip.com/s/meme/Awkward-Moment-Sealion.jpg
Conspiracy-Keanu.jpg,https://imgflip.com/s/meme/Conspiracy-Keanu.jpg
Steve-Harvey.jpg,https://imgflip.com/s/meme/Steve-Harvey.jpg
Scared-Cat.jpg,https://imgflip.com/s/meme/Scared-Cat.jpg
Skeptical-Baby.jpg,https://imgflip.com/s/meme/Skeptical-Baby.jpg
Good-Fellas-Hilarious.jpg,https://imgflip.com/s/meme/Good-Fellas-Hilarious.jpg
Archer.jpg,https://imgflip.com/s/meme/Archer.jpg
You-Guys-are-Getting-Paid.png,https://i.imgflip.com/2xscjb.png
Socially-Awesome-Awkward-Penguin.jpg,https://imgflip.com/s/meme/Socially-Awesome-Awkward-Penguin.jpg
Surprised-Koala.jpg,https://imgflip.com/s/meme/Surprised-Koala.jpg
Afraid-To-Ask-Andy.jpg,https://imgflip.com/s/meme/Afraid-To-Ask-Andy.jpg
Liam-Neeson-Taken.jpg,https://imgflip.com/s/meme/Liam-Neeson-Taken.jpg
Kevin-Hart.jpg,https://imgflip.com/s/meme/Kevin-Hart.jpg
Overly-Attached-Girlfriend.jpg,https://imgflip.com/s/meme/Overly-Attached-Girlfriend.jpg
Its-Not-Going-To-Happen.jpg,https://imgflip.com/s/meme/Its-Not-Going-To-Happen.jpg
And-Just-Like-That.jpg,https://imgflip.com/s/meme/And-Just-Like-That.jpg
Obi-Wan-Kenobi.jpg,https://imgflip.com/s/meme/Obi-Wan-Kenobi.jpg
Sudden-Clarity-Clarence.jpg,https://imgflip.com/s/meme/Sudden-Clarity-Clarence.jpg
Heres-Johnny.jpg,https://imgflip.com/s/meme/Heres-Johnny.jpg
Unpopular-Opinion-Puffin.jpg,https://imgflip.com/s/meme/Unpopular-Opinion-Puffin.jpg
So-I-Got-That-Goin-For-Me-Which-Is-Nice.jpg,https://imgflip.com/s/meme/So-I-Got-That-Goin-For-Me-Which-Is-Nice.jpg
kermit-window.jpg,https://i.imgflip.com/lukr1.jpg
Guess-Ill-die.jpg,https://i.imgflip.com/1lj6ra.jpg
Unhelpful-High-School-Teacher.jpg,https://imgflip.com/s/meme/Unhelpful-High-School-Teacher.jpg
You-The-Real-MVP.jpg,https://imgflip.com/s/meme/You-The-Real-MVP.jpg
Black-guy-hiding-behind-tree.png,https://i.imgflip.com/38iqvl.png
I-Was-Told-There-Would-Be.jpg,https://imgflip.com/s/meme/I-Was-Told-There-Would-Be.jpg
I-See-Dead-People.jpg,https://imgflip.com/s/meme/I-See-Dead-People.jpg
I-Guarantee-It.jpg,https://imgflip.com/s/meme/I-Guarantee-It.jpg
I-Too-Like-To-Live-Dangerously.jpg,https://imgflip.com/s/meme/I-Too-Like-To-Live-Dangerously.jpg
Slowpoke.jpg,https://imgflip.com/s/meme/Slowpoke.jpg
Table-Flip-Guy.jpg,https://imgflip.com/s/meme/Table-Flip-Guy.jpg
Hold-fart.jpg,https://i.imgflip.com/of959.jpg
Look-At-All-These.jpg,https://imgflip.com/s/meme/Look-At-All-These.jpg
Unicorn-MAN.jpg,https://imgflip.com/s/meme/Unicorn-MAN.jpg
Lion-King.jpg,https://imgflip.com/s/meme/Lion-King.jpg
First-Day-On-The-Internet-Kid.jpg,https://imgflip.com/s/meme/First-Day-On-The-Internet-Kid.jpg
Ryan-Gosling.jpg,https://imgflip.com/s/meme/Ryan-Gosling.jpg
Insanity-Wolf.jpg,https://imgflip.com/s/meme/Insanity-Wolf.jpg
Smiling-Cat.jpg,https://imgflip.com/s/meme/Smiling-Cat.jpg
Michael-Jackson-Popcorn.jpg,https://imgflip.com/s/meme/Michael-Jackson-Popcorn.jpg
Chubby-Bubbles-Girl.jpg,https://imgflip.com/s/meme/Chubby-Bubbles-Girl.jpg
Impossibru-Guy-Original.jpg,https://imgflip.com/s/meme/Impossibru-Guy-Original.jpg
These-Arent-The-Droids-You-Were-Looking-For.jpg,https://imgflip.com/s/meme/These-Arent-The-Droids-You-Were-Looking-For.jpg
Second-Breakfast.jpg,https://i.imgflip.com/7a9b3.jpg
Super-Cool-Ski-Instructor.jpg,https://imgflip.com/s/meme/Super-Cool-Ski-Instructor.jpg
Ron-Burgundy.jpg,https://imgflip.com/s/meme/Ron-Burgundy.jpg
1990s-First-World-Problems.jpg,https://imgflip.com/s/meme/1990s-First-World-Problems.jpg
Spiderman-Hospital.jpg,https://imgflip.com/s/meme/Spiderman-Hospital.jpg
But-it-was-me-Dio.jpg,https://i.imgflip.com/a03nm.jpg
Steve-Buscemi-Fellow-Kids.jpg,https://i.imgflip.com/z2nqj.jpg
FINALLY.png,https://i.imgflip.com/3ogfsq.png
Evil-Cows.jpg,https://imgflip.com/s/meme/Evil-Cows.jpg
Overly-Manly-Man.jpg,https://imgflip.com/s/meme/Overly-Manly-Man.jpg
Money-Money.jpg,https://imgflip.com/s/meme/Money-Money.jpg
Baby-Yoda.jpg,https://i.imgflip.com/3guvw8.jpg
Dr-Evil-air-quotes.jpg,https://i.imgflip.com/136hly.jpg
khan.jpg,https://i.imgflip.com/1mt1s.jpg
Joseph-Ducreux.jpg,https://imgflip.com/s/meme/Joseph-Ducreux.jpg
sweating-bullets.jpg,https://i.imgflip.com/gx29i.jpg
Deadpool-Surprised.jpg,https://imgflip.com/s/meme/Deadpool-Surprised.jpg
Buddy-The-Elf.jpg,https://imgflip.com/s/meme/Buddy-The-Elf.jpg
Actual-Advice-Mallard.jpg,https://imgflip.com/s/meme/Actual-Advice-Mallard.jpg
Frustrated-Boromir.jpg,https://imgflip.com/s/meme/Frustrated-Boromir.jpg
Hide-the-Pain-Harold.jpg,https://i.imgflip.com/1cf8by.jpg
Jack-Nicholson-The-Shining-Snow.jpg,https://imgflip.com/s/meme/Jack-Nicholson-The-Shining-Snow.jpg
Evil-Plotting-Raccoon.jpg,https://imgflip.com/s/meme/Evil-Plotting-Raccoon.jpg
No-Patrick.jpg,https://imgflip.com/s/meme/No-Patrick.jpg
Leave-Britney-Alone.jpg,https://i.imgflip.com/4de9t.jpg
Right-In-The-Childhood.jpg,https://imgflip.com/s/meme/Right-In-The-Childhood.jpg
Yao-Ming.jpg,https://imgflip.com/s/meme/Yao-Ming.jpg
Minor-Mistake-Marvin.jpg,https://imgflip.com/s/meme/Minor-Mistake-Marvin.jpg
yoda.jpg,https://i.imgflip.com/6lo9y.jpg
Inigo-Montoya.jpg,https://imgflip.com/s/meme/Inigo-Montoya.jpg
Do-all-the-things.jpg,https://i.imgflip.com/14p2is.jpg
Hulk.jpg,https://i.imgflip.com/4pudp.jpg
So-I-Guess-You-Can-Say-Things-Are-Getting-Pretty-Serious.jpg,https://imgflip.com/s/meme/So-I-Guess-You-Can-Say-Things-Are-Getting-Pretty-Serious.jpg
Get-In-Loser.jpg,https://i.imgflip.com/h8066.jpg
Scary-Harry.jpg,https://imgflip.com/s/meme/Scary-Harry.jpg
Neil-deGrasse-Tyson.jpg,https://imgflip.com/s/meme/Neil-deGrasse-Tyson.jpg
Forever-Alone.jpg,https://imgflip.com/s/meme/Forever-Alone.jpg
Liam-Neeson-Taken-2.jpg,https://imgflip.com/s/meme/Liam-Neeson-Taken-2.jpg
Karate-Kyle.jpg,https://imgflip.com/s/meme/Karate-Kyle.jpg
Ceiling-Cat.jpg,https://imgflip.com/s/meme/Ceiling-Cat.jpg
girl-running.jpg,https://i.imgflip.com/d6pto.jpg
Office-Space-Bill-Lumbergh.jpg,https://i.imgflip.com/1s7y17.jpg
Dos-Equis-Guy-Awesome.jpg,https://i.imgflip.com/8dxu6.jpg
Brian-Williams-Was-There.jpg,https://imgflip.com/s/meme/Brian-Williams-Was-There.jpg
Young-Cardi-B.jpg,https://imgflip.com/s/meme/Young-Cardi-B.jpg
What-Year-Is-It.jpg,https://imgflip.com/s/meme/What-Year-Is-It.jpg
Waiting-skeleton.jpg,https://i.imgflip.com/75awb.jpg
Oprah---you-get-a-car.jpg,https://i.imgflip.com/h9a4w.jpg
Shrek-Cat.jpg,https://imgflip.com/s/meme/Shrek-Cat.jpg
society-if.jpg,https://i.imgflip.com/2z712o.jpg
Baby-Godfather.jpg,https://imgflip.com/s/meme/Baby-Godfather.jpg
Ugly-Twins.jpg,https://imgflip.com/s/meme/Ugly-Twins.jpg
Goodfellas-Laugh.jpg,https://i.imgflip.com/do61c.jpg
Blackjack-and-Hookers.jpg,https://i.imgflip.com/3p1j1.jpg
Leave-Britney-Alone.jpg,https://i.imgflip.com/jsbtn.jpg
Forest-Gump.jpg,https://i.imgflip.com/6fseh.jpg
Computer-Guy.jpg,https://imgflip.com/s/meme/Computer-Guy.jpg
Not-sure-if--fry.jpg,https://i.imgflip.com/18mq5r.jpg
Wake-Up-Babe.jpg,https://i.imgflip.com/4b8w8q.jpg
RPG-Fan.jpg,https://imgflip.com/s/meme/RPG-Fan.jpg
Why-Is-The-Rum-Gone.jpg,https://imgflip.com/s/meme/Why-Is-The-Rum-Gone.jpg
LOL-Guy.jpg,https://imgflip.com/s/meme/LOL-Guy.jpg
Internet-Explorer.jpg,https://imgflip.com/s/meme/Internet-Explorer.jpg
I-Have-No-Idea-What-I-Am-Doing.jpg,https://imgflip.com/s/meme/I-Have-No-Idea-What-I-Am-Doing.jpg
Laughing-Villains.jpg,https://imgflip.com/s/meme/Laughing-Villains.jpg
Angry-Toddler.jpg,https://imgflip.com/s/meme/Angry-Toddler.jpg
Internet-Guide.jpg,https://imgflip.com/s/meme/Internet-Guide.jpg
Life-Sucks.jpg,https://imgflip.com/s/meme/Life-Sucks.jpg
Troll-Face.jpg,https://imgflip.com/s/meme/Troll-Face.jpg
crying-cat.jpg,https://i.imgflip.com/s71u5.jpg
You-Underestimate-My-Power.jpg,https://imgflip.com/s/meme/You-Underestimate-My-Power.jpg
Chemistry-Cat.jpg,https://imgflip.com/s/meme/Chemistry-Cat.jpg
Cat-newspaper.jpg,https://i.imgflip.com/bgsvd.jpg
Charlie-Day.jpg,https://i.imgflip.com/1j1pyb.jpg
TED.jpg,https://imgflip.com/s/meme/TED.jpg
Troll-Face-Colored.jpg,https://imgflip.com/s/meme/Troll-Face-Colored.jpg
Star-Trek-Kirk-Khan.jpg,https://i.imgflip.com/g9odq.jpg
Excited-Minions.jpg,https://imgflip.com/s/meme/Excited-Minions.jpg
ralph-wiggum.jpg,https://i.imgflip.com/8xvdc.jpg
Secure-Parking.jpg,https://imgflip.com/s/meme/Secure-Parking.jpg
old-lady-at-computer.jpg,https://i.imgflip.com/6c061.jpg
Hide-Yo-Kids-Hide-Yo-Wife.jpg,https://imgflip.com/s/meme/Hide-Yo-Kids-Hide-Yo-Wife.jpg
crying-peter-parker.jpg,https://i.imgflip.com/3g5k6.jpg
Relief.jpg,https://i.imgflip.com/1a8qy1.jpg
Smart-Guy.jpg,https://i.imgflip.com/1j8x99.jpg
Look-Son.jpg,https://imgflip.com/s/meme/Look-Son.jpg
Yo-Mamas-So-Fat.jpg,https://imgflip.com/s/meme/Yo-Mamas-So-Fat.jpg
Crying-cat.jpg,https://i.imgflip.com/p0a19.jpg
When-X-just-right.jpg,https://i.imgflip.com/yp6kp.jpg
Fist-pump-baby.jpg,https://i.imgflip.com/8iqed.jpg
Socially-Awkward-Awesome-Penguin.jpg,https://imgflip.com/s/meme/Socially-Awkward-Awesome-Penguin.jpg
Business-Cat.jpg,https://imgflip.com/s/meme/Business-Cat.jpg
Disappointed-Man.jpg,https://i.imgflip.com/3mkotw.jpg
Whose-Line-is-it-Anyway.jpg,https://i.imgflip.com/2wn9n.jpg
Chuck-Norris.jpg,https://imgflip.com/s/meme/Chuck-Norris.jpg
Leonardo-DiCaprio-Pointing.jpg,https://i.imgflip.com/3vtsmc.jpg
Bear-Grylls.jpg,https://imgflip.com/s/meme/Bear-Grylls.jpg
rick-and-morty-extra-steps.jpg,https://i.imgflip.com/1gsbcv.jpg
Grumpy-Cat-Not-Amused.jpg,https://imgflip.com/s/meme/Grumpy-Cat-Not-Amused.jpg
Weird-Stuff-I-Do-Potoo.jpg,https://imgflip.com/s/meme/Weird-Stuff-I-Do-Potoo.jpg
Girls-gossiping.jpg,https://i.imgflip.com/4s9xn3.jpg
This-Morgan-Freeman.jpg,https://i.imgflip.com/g8jl5.jpg
Comic-Book-Guy.jpg,https://imgflip.com/s/meme/Comic-Book-Guy.jpg
Austin-Powers-Honestly.jpg,https://imgflip.com/s/meme/Austin-Powers-Honestly.jpg
Needs-More-Cowbell.jpg,https://i.imgflip.com/edyec.jpg
Sad-Keanu.jpg,https://imgflip.com/s/meme/Sad-Keanu.jpg
Professor-Farnsworth-Good-News-Everyone.jpg,https://i.imgflip.com/73sbv.jpg
crack.jpg,https://i.imgflip.com/9l35w.jpg
Snape.jpg,https://imgflip.com/s/meme/Snape.jpg
god.jpg,https://i.imgflip.com/4rlzn.jpg
Sidious-Error.jpg,https://imgflip.com/s/meme/Sidious-Error.jpg
Kermit-sipping-tea.jpg,https://i.imgflip.com/ho51n.jpg
Triggered-Liberal.jpg,https://i.imgflip.com/1b8nc8.jpg
Oliver-Twist-Please-Sir.jpg,https://i.imgflip.com/89bvo.jpg
BABY-CRYING.jpg,https://i.imgflip.com/1430b.jpg
Suprised-Patrick.jpg,https://i.imgflip.com/ca3z3.jpg
Afraid-To-Ask-Andy-Closeup.jpg,https://imgflip.com/s/meme/Afraid-To-Ask-Andy-Closeup.jpg
Peter-Griffin-running-away.jpg,https://i.imgflip.com/28od09.jpg
Bad-Joke-Eel.jpg,https://imgflip.com/s/meme/Bad-Joke-Eel.jpg
Jay-Inbetweeners-Completed-It.jpg,https://i.imgflip.com/eghns.jpg
Patrick-Says.jpg,https://imgflip.com/s/meme/Patrick-Says.jpg
Bill-Murray-Golf.jpg,https://imgflip.com/s/meme/Bill-Murray-Golf.jpg
Successful-Black-Man.jpg,https://imgflip.com/s/meme/Successful-Black-Man.jpg
neck-vein-guy.jpg,https://i.imgflip.com/w2woj.jpg
Challenge-Accepted-Rage-Face.jpg,https://imgflip.com/s/meme/Challenge-Accepted-Rage-Face.jpg
Bad-Luck-Bear.jpg,https://imgflip.com/s/meme/Bad-Luck-Bear.jpg
Oh-No.jpg,https://imgflip.com/s/meme/Oh-No.jpg
Lord-of-the-Rings-Meats-back-on-the-menu.jpg,https://i.imgflip.com/kwpn9.jpg
Darth-Vader.jpg,https://i.imgflip.com/40iks.jpg
Captain-Kirk-Khan.jpg,https://i.imgflip.com/1nyixe.jpg
captain-america-so-you.jpg,https://i.imgflip.com/2afyz6.jpg
Trying-to-explain.jpg,https://i.imgflip.com/1arqp8.jpg
dr-evil-pinky.jpg,https://i.imgflip.com/cq63t.jpg
Aliens-Guy.jpg,https://i.imgflip.com/p7sa4.jpg
Gentlemen-it-is-with-great-pleasure-to-inform-you-that.jpg,https://i.imgflip.com/56p56k.jpg
Evil-Baby.jpg,https://imgflip.com/s/meme/Evil-Baby.jpg
Evil-Patrick.jpg,https://i.imgflip.com/25o7wy.jpg
And-Then-He-Said.jpg,https://i.imgflip.com/18fli.jpg
Thumbs-Up-Rambo.jpg,https://i.imgflip.com/bf0z4.jpg
Baby-Insanity-Wolf.jpg,https://imgflip.com/s/meme/Baby-Insanity-Wolf.jpg
Youre-gonna-have-a-bad-time.jpg,https://i.imgflip.com/c2lry.jpg
Leonardo-DiCaprio-throwing-Money.jpg,https://i.imgflip.com/cwowu.jpg
laughing-kid.jpg,https://i.imgflip.com/29gymp.jpg
The-Count.jpg,https://i.imgflip.com/9g1kf.jpg
Black-Panther---Get-this-man-a-shield.jpg,https://i.imgflip.com/20jbti.jpg
Captain-Hindsight.jpg,https://imgflip.com/s/meme/Captain-Hindsight.jpg
Samuel-L-Jackson-say-one-more-time.jpg,https://i.imgflip.com/1pc9h7.jpg
Obi-Wan-Kenobi-Jedi-Mind-Trick.jpg,https://i.imgflip.com/1cyiw.jpg
You-have-no-power-here.jpg,https://i.imgflip.com/4dfvc.jpg
Going-to-need-a-bigger-boat.jpg,https://i.imgflip.com/m6j8i.jpg
Pepe-Silvia.jpg,https://i.imgflip.com/1896sh.jpg
Bernie-sitting.jpg,https://i.imgflip.com/4ulob7.jpg
Blankie-the-Shocked-Dog.jpg,https://i.imgflip.com/5ni1a.jpg
Persian-Cat-Room-Guardian-Single.jpg,https://imgflip.com/s/meme/Persian-Cat-Room-Guardian-Single.jpg
Smiling-Jesus.jpg,https://imgflip.com/s/meme/Smiling-Jesus.jpg
Emperor-Palpatine.jpg,https://i.imgflip.com/672lt.jpg
A-center-for-ants.jpg,https://i.imgflip.com/3uj1m.jpg
clown-computer.jpg,https://i.imgflip.com/1srpec.jpg
Michael-Phelps-Death-Stare.jpg,https://imgflip.com/s/meme/Michael-Phelps-Death-Stare.jpg
Pinky-and-the-brain.jpg,https://i.imgflip.com/dkdeh.jpg
Grumpy-Cat-Star-Wars.jpg,https://imgflip.com/s/meme/Grumpy-Cat-Star-Wars.jpg
Bill-Murray-Groundhog-Day.jpg,https://i.imgflip.com/teqxe.jpg
Dr-Evil-Quotes.jpg,https://i.imgflip.com/siw7k.jpg
No-soup.jpg,https://i.imgflip.com/51hy6.jpg
Buddy-the-elf-excited.jpg,https://i.imgflip.com/1ddlo4.jpg
Fat-Asian-Kid.jpg,https://i.imgflip.com/3mpij.jpg
Happy-Picard.jpg,https://i.imgflip.com/3snea.jpg
Duck-Face-Chicks.jpg,https://imgflip.com/s/meme/Duck-Face-Chicks.jpg
Mr-Mackey.jpg,https://imgflip.com/s/meme/Mr-Mackey.jpg
Thats-my-secret.jpg,https://i.imgflip.com/46pe8.jpg
Sad-Spiderman.jpg,https://imgflip.com/s/meme/Sad-Spiderman.jpg
Dumb-Blonde.jpg,https://imgflip.com/s/meme/Dumb-Blonde.jpg
Surprised-Baby-Yoda.jpg,https://i.imgflip.com/3iulgu.jpg
Surprised-Pikachu.jpg,https://i.imgflip.com/2l2ri4.jpg
BREAKING-NEWS.jpg,https://i.imgflip.com/6sexb.jpg
You-The-Real-MVP-2.jpg,https://imgflip.com/s/meme/You-The-Real-MVP-2.jpg
WTF.jpg,https://imgflip.com/s/meme/WTF.jpg
Anti-Joke-Chicken.jpg,https://imgflip.com/s/meme/Anti-Joke-Chicken.jpg
Skeleton-Computer.jpg,https://i.imgflip.com/ls4pf.jpg
Take-A-Seat-Cat.jpg,https://imgflip.com/s/meme/Take-A-Seat-Cat.jpg
Jackie-Chan-Confused.jpg,https://i.imgflip.com/qiev6.jpg
Black-Scientist-Finally-Xium.jpg,https://i.imgflip.com/3hurx9.jpg
yoda-smell.jpg,https://i.imgflip.com/f6mrr.jpg
Mad-Money-Jim-Cramer.jpg,https://imgflip.com/s/meme/Mad-Money-Jim-Cramer.jpg
Hipster-Barista.jpg,https://imgflip.com/s/meme/Hipster-Barista.jpg
Confused-Little-Girl.jpg,https://i.imgflip.com/dyi7z.jpg
Love.jpg,https://i.imgflip.com/6fxxr.jpg
minions.jpg,https://i.imgflip.com/2c8be.jpg
Seinfeld-Newman.jpg,https://i.imgflip.com/idxix.jpg
When-you-havent-told-anybody.jpg,https://i.imgflip.com/xxt8y.jpg
Penguin-Gang.jpg,https://imgflip.com/s/meme/Penguin-Gang.jpg
Advice-Yoda.jpg,https://imgflip.com/s/meme/Advice-Yoda.jpg
meryl-streep.jpg,https://i.imgflip.com/i4lds.jpg
Monkey-Business.jpg,https://imgflip.com/s/meme/Monkey-Business.jpg
Chill-Out-Lemur.jpg,https://imgflip.com/s/meme/Chill-Out-Lemur.jpg
Giga-Chad.jpg,https://i.imgflip.com/3bdd27.jpg
Happy-Squirrel.jpg,https://i.imgflip.com/5ymds.jpg
help-me-obi-wan.jpg,https://i.imgflip.com/cs8kh.jpg
Lumbergh.jpg,https://i.imgflip.com/kka0a.jpg
I-Have-No-Idea-What-I-Am-Doing-Dog.jpg,https://imgflip.com/s/meme/I-Have-No-Idea-What-I-Am-Doing-Dog.jpg
The-Most-Interesting-Cat-In-The-World.jpg,https://imgflip.com/s/meme/The-Most-Interesting-Cat-In-The-World.jpg
Scumbag-Boss.jpg,https://imgflip.com/s/meme/Scumbag-Boss.jpg
Cereal-Guy-Spitting.jpg,https://imgflip.com/s/meme/Cereal-Guy-Spitting.jpg
braveheart-freedom.jpg,https://i.imgflip.com/awq1q.jpg
The-Mandalorian.jpg,https://i.imgflip.com/3ha7p9.jpg
Barney-Stinson-Win.jpg,https://imgflip.com/s/meme/Barney-Stinson-Win.jpg
Anime-wall-punch.jpg,https://i.imgflip.com/atje2.jpg
Deep-Thoughts.jpg,https://i.imgflip.com/h62sv.jpg
computer-nerd.jpg,https://i.imgflip.com/15c33.jpg
Calling-the-police.jpg,https://i.imgflip.com/15j6f8.jpg
borat.jpg,https://i.imgflip.com/192fw.jpg
McKayla-Maroney-Not-Impressed.jpg,https://imgflip.com/s/meme/McKayla-Maroney-Not-Impressed.jpg
I-am-the-Senate.jpg,https://i.imgflip.com/1jf9zs.jpg
Darth-Vader---Come-to-the-Dark-Side.jpg,https://i.imgflip.com/n54ii.jpg
Do-you-want-ants-archer.jpg,https://i.imgflip.com/9qiv6.jpg
Sergeant-Hartmann.jpg,https://imgflip.com/s/meme/Sergeant-Hartmann.jpg
Chris-Farley-For-the-love-of-god.jpg,https://i.imgflip.com/25qgf2.jpg
Straight-to-Jail.jpg,https://i.imgflip.com/2k4lwy.jpg
confused-dafuq-jack-sparrow-what.jpg,https://i.imgflip.com/edwxi.jpg
Smart-black-guy.jpg,https://i.imgflip.com/1l8thn.jpg
Licking-lips.png,https://i.imgflip.com/37u3g1.png
Gotta-Go-Cat.jpg,https://imgflip.com/s/meme/Gotta-Go-Cat.jpg
Karen.jpg,https://i.imgflip.com/3e4z29.jpg
Is-mayonnaise-an-instrument.jpg,https://i.imgflip.com/1c4gs7.jpg
Yall-got-any-more-of-them.jpg,https://i.imgflip.com/e2at9.jpg
And-then-I-said-Obama.jpg,https://imgflip.com/s/meme/And-then-I-said-Obama.jpg
Angry-Man-pointing-at-hand.png,https://i.imgflip.com/2zh4ex.png
Cabin-the-the-woods.jpg,https://i.imgflip.com/41l2pf.jpg
Wise-guys-laughing.jpg,https://i.imgflip.com/gjx1b.jpg
HighDrunk-guy.jpg,https://i.imgflip.com/w1eqv.jpg
Confused-Lebowski.jpg,https://imgflip.com/s/meme/Confused-Lebowski.jpg
Joker-Rainbow-Hands.jpg,https://imgflip.com/s/meme/Joker-Rainbow-Hands.jpg
Facepalm-Bear.jpg,https://imgflip.com/s/meme/Facepalm-Bear.jpg
rod-serling-twilight-zone.jpg,https://i.imgflip.com/11fd3a.jpg
Uncomfortable-Nightclub-Girl.jpg,https://i.imgflip.com/2j0h30.jpg
Brace-Yourself.jpg,https://i.imgflip.com/1kwu7.jpg
Chuck-Norris-Phone.jpg,https://imgflip.com/s/meme/Chuck-Norris-Phone.jpg
Dinosaur.jpg,https://i.imgflip.com/5zw32.jpg
Look-Marge.jpg,https://i.imgflip.com/d9p67.jpg
Ron-Swanson.jpg,https://imgflip.com/s/meme/Ron-Swanson.jpg
Money-Man.jpg,https://imgflip.com/s/meme/Money-Man.jpg
Elon-Musk-smoking-a-joint.jpg,https://i.imgflip.com/2hf6te.jpg
mr-bean.jpg,https://i.imgflip.com/1ozhy.jpg
Show-me-the-money.jpg,https://i.imgflip.com/dqpb6.jpg
Socially-Awkward-Penguin.jpg,https://imgflip.com/s/meme/Socially-Awkward-Penguin.jpg
stoned-guy.jpg,https://i.imgflip.com/5sk8b.jpg
In-terms-of-money-we-have-no-money.jpg,https://i.imgflip.com/43hnos.jpg
Yeah-if-you-could.jpg,https://i.imgflip.com/5e12j.jpg
Old-lady-at-computer-finds-the-Internet.jpg,https://i.imgflip.com/8rbnx.jpg
You-keep-using-that-word.jpg,https://i.imgflip.com/mmwb7.jpg
First-World-Problems-Cat.jpg,https://imgflip.com/s/meme/First-World-Problems-Cat.jpg
Why-you-no.jpg,https://i.imgflip.com/33rsw.jpg
Back-to-the-future.jpg,https://i.imgflip.com/dz2at.jpg
Are-we-the-baddies.jpg,https://i.imgflip.com/1notpg.jpg
OMG-Karen.jpg,https://imgflip.com/s/meme/OMG-Karen.jpg
Rich-men-laughing.jpg,https://i.imgflip.com/7nte5.jpg
Shocked-Batman.jpg,https://i.imgflip.com/1476d.jpg
mike-tyson.jpg,https://i.imgflip.com/k0eti.jpg
Waterboy-Kathy-Bates-Devil.jpg,https://i.imgflip.com/ubge7.jpg
Albert-Einstein-1.jpg,https://imgflip.com/s/meme/Albert-Einstein-1.jpg
excited-kid.jpg,https://i.imgflip.com/6csb5.jpg
Itd-Be-A-Lot-Cooler-If-You-Did.jpg,https://i.imgflip.com/daate.jpg
Monkey-OOH.jpg,https://imgflip.com/s/meme/Monkey-OOH.jpg
Depressed-Cat.jpg,https://imgflip.com/s/meme/Depressed-Cat.jpg
Chuck-Norris-Finger.jpg,https://imgflip.com/s/meme/Chuck-Norris-Finger.jpg
Darti-Boy.jpg,https://imgflip.com/s/meme/Darti-Boy.jpg
Syndrome-Incredibles.jpg,https://i.imgflip.com/jeecj.jpg
maury-povich.jpg,https://i.imgflip.com/g1uot.jpg
Advice-Dog.jpg,https://imgflip.com/s/meme/Advice-Dog.jpg
Tony-Stark-success.jpg,https://i.imgflip.com/30zvo.jpg
Robert-Downey-Jr-Annoyed.jpg,https://i.imgflip.com/dafqx.jpg
Samuel-Jackson-Glance.jpg,https://imgflip.com/s/meme/Samuel-Jackson-Glance.jpg
Please-sir-may-I-have-some-more.jpg,https://i.imgflip.com/nffky.jpg
Malicious-Advice-Mallard.jpg,https://imgflip.com/s/meme/Malicious-Advice-Mallard.jpg
Edna-Mode-No-Capes.jpg,https://i.imgflip.com/12an4c.jpg
Sad-Cat.jpg,https://imgflip.com/s/meme/Sad-Cat.jpg
Sean-Bean-Lord-Of-The-Rings.jpg,https://i.imgflip.com/cntyf.jpg
I-WANT-YOU.jpg,https://i.imgflip.com/e2vab.jpg
Crack-head.jpg,https://i.imgflip.com/xkkvk.jpg
The-Rock-Smelling.jpg,https://i.imgflip.com/16kik.jpg
Pony-Shrugs.jpg,https://imgflip.com/s/meme/Pony-Shrugs.jpg
Tiny-piece-of-paper.jpg,https://i.imgflip.com/hynx2.jpg
Confused-Travolta.jpg,https://i.imgflip.com/vqo9n.jpg
So-Hot-Right-Now.jpg,https://i.imgflip.com/msnzn.jpg
Lazy-College-Senior.jpg,https://imgflip.com/s/meme/Lazy-College-Senior.jpg
Butthurt-Dweller.jpg,https://imgflip.com/s/meme/Butthurt-Dweller.jpg
Laughing-Goat.jpg,https://imgflip.com/s/meme/Laughing-Goat.jpg
Futuristic-Utopia.jpg,https://i.imgflip.com/1f5v6z.jpg
tired-cat.jpg,https://i.imgflip.com/aux23.jpg
Beard-Baby.jpg,https://imgflip.com/s/meme/Beard-Baby.jpg
Grumpy-Cat-Happy.jpg,https://imgflip.com/s/meme/Grumpy-Cat-Happy.jpg
Confession-Kid.jpg,https://imgflip.com/s/meme/Confession-Kid.jpg
Awkward-smiling-old-man.jpg,https://i.imgflip.com/1lbeyi.jpg
debo.jpg,https://i.imgflip.com/53zbc.jpg
And-the-points-dont-matter.jpg,https://i.imgflip.com/nggg2.jpg
Sad-Baby.jpg,https://imgflip.com/s/meme/Sad-Baby.jpg
michael-jackson-eating-popcorn.jpg,https://i.imgflip.com/cvt76.jpg
Vein-forehead-guy.jpg,https://i.imgflip.com/wlv08.jpg
Black-guy-head-tap.jpg,https://i.imgflip.com/1l1vwn.jpg
the-office-bankruptcy.jpg,https://i.imgflip.com/qocvi.jpg
Zombie-Overly-Attached-Girlfriend.jpg,https://imgflip.com/s/meme/Zombie-Overly-Attached-Girlfriend.jpg
Bill-OReilly.jpg,https://imgflip.com/s/meme/Bill-OReilly.jpg
Foul-Bachelor-Frog.jpg,https://imgflip.com/s/meme/Foul-Bachelor-Frog.jpg
I-dont-know-girl.jpg,https://i.imgflip.com/bbgj6.jpg
We-Want-you.jpg,https://i.imgflip.com/80guj.jpg
Family-Guy-Brian.jpg,https://imgflip.com/s/meme/Family-Guy-Brian.jpg
Do-You-Wanna-Build-A-Snowman.jpg,https://i.imgflip.com/8iqie.jpg
wolf-of-wallstreet.jpg,https://i.imgflip.com/70shi.jpg
There-is-no-war-in-ba-sing-se.png,https://i.imgflip.com/478zd5.png
Nicolas-cage.jpg,https://i.imgflip.com/jv9jz.jpg
wolf-of-wall-street.jpg,https://i.imgflip.com/6icl0.jpg
conspiracy-theory.jpg,https://i.imgflip.com/1hqk3u.jpg
Math-is-Math.jpg,https://i.imgflip.com/3j24h8.jpg
excited.jpg,https://i.imgflip.com/32sej.jpg
George-Washington.jpg,https://imgflip.com/s/meme/George-Washington.jpg
TRUST-BAGHDAD-BOB.jpg,https://i.imgflip.com/10joml.jpg
Michael-Scott.jpg,https://i.imgflip.com/10o6x1.jpg
stupid-sheep.jpg,https://i.imgflip.com/w75xp.jpg
You-cant-handle-the-truth.jpg,https://i.imgflip.com/qmd3x.jpg
Bitch-Please.jpg,https://imgflip.com/s/meme/Bitch-Please.jpg
Grumpy-Cat-Bed.jpg,https://imgflip.com/s/meme/Grumpy-Cat-Bed.jpg
Ferris-Bueller-Ben-Stein.jpg,https://i.imgflip.com/gb3j0.jpg
Stop-Cop.jpg,https://imgflip.com/s/meme/Stop-Cop.jpg
startrek.jpg,https://i.imgflip.com/lkw9j.jpg
Rasta-Science-Teacher.jpg,https://imgflip.com/s/meme/Rasta-Science-Teacher.jpg
Okay-Truck.jpg,https://imgflip.com/s/meme/Okay-Truck.jpg
Prepare-Yourself.jpg,https://i.imgflip.com/qmjt2.jpg
Steve-Jobs.jpg,https://imgflip.com/s/meme/Steve-Jobs.jpg
Special-Officer-Doofy.jpg,https://i.imgflip.com/z5hd5.jpg
Vein-popping-kid.jpg,https://i.imgflip.com/11z0wn.jpg
Annoying-Facebook-Girl.jpg,https://imgflip.com/s/meme/Annoying-Facebook-Girl.jpg
charlie-chocolate-factory.jpg,https://i.imgflip.com/pikug.jpg
Superior-Royalty.jpg,https://i.imgflip.com/4jycnm.jpg
Walk-Into-Mordor.jpg,https://i.imgflip.com/3434h4.jpg
No-Bullshit-Business-Baby.jpg,https://imgflip.com/s/meme/No-Bullshit-Business-Baby.jpg
Condescending-Goku.jpg,https://imgflip.com/s/meme/Condescending-Goku.jpg
FLOODING-THUMBS-UP.jpg,https://i.imgflip.com/lxo47.jpg
High-Dog.jpg,https://imgflip.com/s/meme/High-Dog.jpg
Cold.jpg,https://i.imgflip.com/3yv7f.jpg
Intelligent-Dog.jpg,https://imgflip.com/s/meme/Intelligent-Dog.jpg
hagrid-yer-a-wizard.jpg,https://i.imgflip.com/9ublh.jpg
Happy-Birthday.jpg,https://i.imgflip.com/70vaq.jpg
Derp.jpg,https://imgflip.com/s/meme/Derp.jpg
Its-fine.jpg,https://i.imgflip.com/2ktb88.jpg
Robots.jpg,https://imgflip.com/s/meme/Robots.jpg
Gatsby-toast.jpg,https://i.imgflip.com/59vds.jpg
PHTEVEN.jpg,https://i.imgflip.com/5259u.jpg
Is-Fortnite-Actually-Overrated.jpg,https://i.imgflip.com/39lcel.jpg
Homophobic-Seal.jpg,https://imgflip.com/s/meme/Homophobic-Seal.jpg
Dr-Evil.jpg,https://imgflip.com/s/meme/Dr-Evil.jpg
Gatsby-toast.jpg,https://i.imgflip.com/59vds.jpg
Star-Wars-Darth-Vader-Altering-the-Deal.jpg,https://i.imgflip.com/1fsq52.jpg
I-choose-you.jpg,https://i.imgflip.com/tzlyj.jpg
Grumpy-Cat-Reverse.jpg,https://imgflip.com/s/meme/Grumpy-Cat-Reverse.jpg
Quit-Hatin.jpg,https://imgflip.com/s/meme/Quit-Hatin.jpg
Angry-Koala.jpg,https://imgflip.com/s/meme/Angry-Koala.jpg
Efrain-Juarez.jpg,https://imgflip.com/s/meme/Efrain-Juarez.jpg
Paranoid-Parrot.jpg,https://imgflip.com/s/meme/Paranoid-Parrot.jpg
Super-Birthday-Squirrel.jpg,https://imgflip.com/s/meme/Super-Birthday-Squirrel.jpg
Scumbag-Minecraft.jpg,https://imgflip.com/s/meme/Scumbag-Minecraft.jpg
Musically-Oblivious-8th-Grader.jpg,https://imgflip.com/s/meme/Musically-Oblivious-8th-Grader.jpg
Trailer-Park-Boys-Bubbles.jpg,https://imgflip.com/s/meme/Trailer-Park-Boys-Bubbles.jpg
Ermahgerd-Beyonce.jpg,https://imgflip.com/s/meme/Ermahgerd-Beyonce.jpg
Officer-Cartman.jpg,https://imgflip.com/s/meme/Officer-Cartman.jpg
Bill-Nye-The-Science-Guy.jpg,https://imgflip.com/s/meme/Bill-Nye-The-Science-Guy.jpg
Eighties-Teen.jpg,https://imgflip.com/s/meme/Eighties-Teen.jpg
Brian-Williams-Was-There-2.jpg,https://imgflip.com/s/meme/Brian-Williams-Was-There-2.jpg
Wrong-Neighboorhood-Cats.jpg,https://imgflip.com/s/meme/Wrong-Neighboorhood-Cats.jpg
Sigmund-Freud.jpg,https://imgflip.com/s/meme/Sigmund-Freud.jpg
Redneck-Randal.jpg,https://imgflip.com/s/meme/Redneck-Randal.jpg
Youre-Too-Slow-Sonic.jpg,https://imgflip.com/s/meme/Youre-Too-Slow-Sonic.jpg
Frowning-Nun.jpg,https://imgflip.com/s/meme/Frowning-Nun.jpg
Small-Face-Romney.jpg,https://imgflip.com/s/meme/Small-Face-Romney.jpg
Advice-God.jpg,https://imgflip.com/s/meme/Advice-God.jpg
Scrooge-McDuck.jpg,https://imgflip.com/s/meme/Scrooge-McDuck.jpg
Surprized-Vegeta.jpg,https://imgflip.com/s/meme/Surprized-Vegeta.jpg
Shouter.jpg,https://imgflip.com/s/meme/Shouter.jpg
Happy-Guy-Rage-Face.jpg,https://imgflip.com/s/meme/Happy-Guy-Rage-Face.jpg
Futurama-Leela.jpg,https://imgflip.com/s/meme/Futurama-Leela.jpg
Engineering-Professor.jpg,https://imgflip.com/s/meme/Engineering-Professor.jpg
Hamtaro.jpg,https://imgflip.com/s/meme/Hamtaro.jpg
Scooby-Doo.jpg,https://imgflip.com/s/meme/Scooby-Doo.jpg
Chuck-Norris-Laughing.jpg,https://imgflip.com/s/meme/Chuck-Norris-Laughing.jpg
Rebecca-Black.jpg,https://imgflip.com/s/meme/Rebecca-Black.jpg
Eminem.jpg,https://imgflip.com/s/meme/Eminem.jpg
Over-Educated-Problems.jpg,https://imgflip.com/s/meme/Over-Educated-Problems.jpg
Turkey.jpg,https://imgflip.com/s/meme/Turkey.jpg
Oblivious-Hot-Girl.jpg,https://imgflip.com/s/meme/Oblivious-Hot-Girl.jpg
Fat-Cat.jpg,https://imgflip.com/s/meme/Fat-Cat.jpg
Sad-X-All-The-Y.jpg,https://imgflip.com/s/meme/Sad-X-All-The-Y.jpg
Invalid-Argument-Vader.jpg,https://imgflip.com/s/meme/Invalid-Argument-Vader.jpg
Downvoting-Roman.jpg,https://imgflip.com/s/meme/Downvoting-Roman.jpg
Chuck-Norris-Flex.jpg,https://imgflip.com/s/meme/Chuck-Norris-Flex.jpg
Okay-Guy-Rage-Face2.jpg,https://imgflip.com/s/meme/Okay-Guy-Rage-Face2.jpg
Angry-Asian.jpg,https://imgflip.com/s/meme/Angry-Asian.jpg
Mitch-McConnell.jpg,https://imgflip.com/s/meme/Mitch-McConnell.jpg
Disappointed-Tyson.jpg,https://imgflip.com/s/meme/Disappointed-Tyson.jpg
Hoody-Cat.jpg,https://imgflip.com/s/meme/Hoody-Cat.jpg
Sheltering-Suburban-Mom.jpg,https://imgflip.com/s/meme/Sheltering-Suburban-Mom.jpg
Overjoyed.jpg,https://imgflip.com/s/meme/Overjoyed.jpg
Scrooge-McDuck-2.jpg,https://imgflip.com/s/meme/Scrooge-McDuck-2.jpg
Relaxed-Office-Guy.jpg,https://imgflip.com/s/meme/Relaxed-Office-Guy.jpg
Lame-Pun-Coon.jpg,https://imgflip.com/s/meme/Lame-Pun-Coon.jpg
Admiral-Ackbar-Relationship-Expert.jpg,https://imgflip.com/s/meme/Admiral-Ackbar-Relationship-Expert.jpg
1st-World-Canadian-Problems.jpg,https://imgflip.com/s/meme/1st-World-Canadian-Problems.jpg
Fk-Yeah.jpg,https://imgflip.com/s/meme/Fk-Yeah.jpg
Surpised-Frodo.jpg,https://imgflip.com/s/meme/Surpised-Frodo.jpg
Father-Ted.jpg,https://imgflip.com/s/meme/Father-Ted.jpg
College-Freshman.jpg,https://imgflip.com/s/meme/College-Freshman.jpg
Predator.jpg,https://imgflip.com/s/meme/Predator.jpg
Evil-Otter.jpg,https://imgflip.com/s/meme/Evil-Otter.jpg
Hercules-Hades.jpg,https://imgflip.com/s/meme/Hercules-Hades.jpg
Babushkas-On-Facebook.jpg,https://imgflip.com/s/meme/Babushkas-On-Facebook.jpg
Onde.jpg,https://imgflip.com/s/meme/Onde.jpg
Finn-The-Human.jpg,https://imgflip.com/s/meme/Finn-The-Human.jpg
Jammin-Baby.jpg,https://imgflip.com/s/meme/Jammin-Baby.jpg
Slenderman.jpg,https://imgflip.com/s/meme/Slenderman.jpg
Dating-Site-Murderer.jpg,https://imgflip.com/s/meme/Dating-Site-Murderer.jpg
Computer-Horse.jpg,https://imgflip.com/s/meme/Computer-Horse.jpg
Mozart-Not-Sure.jpg,https://imgflip.com/s/meme/Mozart-Not-Sure.jpg
Confused-Mel-Gibson.jpg,https://imgflip.com/s/meme/Confused-Mel-Gibson.jpg
Men-Laughing.jpg,https://imgflip.com/s/meme/Men-Laughing.jpg
Dexter.jpg,https://imgflip.com/s/meme/Dexter.jpg
Advice-Doge.jpg,https://imgflip.com/s/meme/Advice-Doge.jpg
Will-Ferrell.jpg,https://imgflip.com/s/meme/Will-Ferrell.jpg
Original-Bad-Luck-Brian.jpg,https://imgflip.com/s/meme/Original-Bad-Luck-Brian.jpg
Macklemore-Thrift-Store.jpg,https://imgflip.com/s/meme/Macklemore-Thrift-Store.jpg
Kill-You-Cat.jpg,https://imgflip.com/s/meme/Kill-You-Cat.jpg
Suspicious-Cat.jpg,https://imgflip.com/s/meme/Suspicious-Cat.jpg
Alarm-Clock.jpg,https://imgflip.com/s/meme/Alarm-Clock.jpg
Spangles.jpg,https://imgflip.com/s/meme/Spangles.jpg
Zombie-Bad-Luck-Brian.jpg,https://imgflip.com/s/meme/Zombie-Bad-Luck-Brian.jpg
Google-Chrome.jpg,https://imgflip.com/s/meme/Google-Chrome.jpg
Chavez.jpg,https://imgflip.com/s/meme/Chavez.jpg
Mr-T.jpg,https://imgflip.com/s/meme/Mr-T.jpg
Tears-Of-Joy.jpg,https://imgflip.com/s/meme/Tears-Of-Joy.jpg
Serious-Xzibit.jpg,https://imgflip.com/s/meme/Serious-Xzibit.jpg
Grumpy-Toad.jpg,https://imgflip.com/s/meme/Grumpy-Toad.jpg
Lil-Wayne.jpg,https://imgflip.com/s/meme/Lil-Wayne.jpg
Darth-Maul.jpg,https://imgflip.com/s/meme/Darth-Maul.jpg
Idiot-Nerd-Girl.jpg,https://imgflip.com/s/meme/Idiot-Nerd-Girl.jpg
Big-Bird-And-Snuffy.jpg,https://imgflip.com/s/meme/Big-Bird-And-Snuffy.jpg
Grumpy-Cat-Table.jpg,https://imgflip.com/s/meme/Grumpy-Cat-Table.jpg
Annoying-Childhood-Friend.jpg,https://imgflip.com/s/meme/Annoying-Childhood-Friend.jpg
Tech-Impaired-Duck.jpg,https://imgflip.com/s/meme/Tech-Impaired-Duck.jpg
Happy-Minaj.jpg,https://imgflip.com/s/meme/Happy-Minaj.jpg
Unhappy-Baby.jpg,https://imgflip.com/s/meme/Unhappy-Baby.jpg
Woah-Kitty.jpg,https://imgflip.com/s/meme/Woah-Kitty.jpg
Gandhi.jpg,https://imgflip.com/s/meme/Gandhi.jpg
Family-Guy-Peter.jpg,https://imgflip.com/s/meme/Family-Guy-Peter.jpg
Romney.jpg,https://imgflip.com/s/meme/Romney.jpg
Big-Ego-Man.jpg,https://imgflip.com/s/meme/Big-Ego-Man.jpg
Angry-Dumbledore.jpg,https://imgflip.com/s/meme/Angry-Dumbledore.jpg
I-Will-Find-You-And-Kill-You.jpg,https://imgflip.com/s/meme/I-Will-Find-You-And-Kill-You.jpg
Larry-The-Cable-Guy.jpg,https://imgflip.com/s/meme/Larry-The-Cable-Guy.jpg
Romney-And-Ryan.jpg,https://imgflip.com/s/meme/Romney-And-Ryan.jpg
Net-Noob.jpg,https://imgflip.com/s/meme/Net-Noob.jpg
Forever-Alone-Happy.jpg,https://imgflip.com/s/meme/Forever-Alone-Happy.jpg
Smug-Bear.jpg,https://imgflip.com/s/meme/Smug-Bear.jpg
The-Bobs.jpg,https://imgflip.com/s/meme/The-Bobs.jpg
CASHWAG-Crew.jpg,https://imgflip.com/s/meme/CASHWAG-Crew.jpg
Fast-Furious-Johnny-Tran.jpg,https://imgflip.com/s/meme/Fast-Furious-Johnny-Tran.jpg
Bubba-And-Barack.jpg,https://imgflip.com/s/meme/Bubba-And-Barack.jpg
Cereal-Guys-Daddy.jpg,https://imgflip.com/s/meme/Cereal-Guys-Daddy.jpg
Professor-Oak.jpg,https://imgflip.com/s/meme/Professor-Oak.jpg
Slick-Fry.jpg,https://imgflip.com/s/meme/Slick-Fry.jpg
Kyon-Face-Palm.jpg,https://imgflip.com/s/meme/Kyon-Face-Palm.jpg
FRANGO.jpg,https://imgflip.com/s/meme/FRANGO.jpg
So-God-Made-A-Farmer.jpg,https://imgflip.com/s/meme/So-God-Made-A-Farmer.jpg
Sassy-Iguana.jpg,https://imgflip.com/s/meme/Sassy-Iguana.jpg
Bah-Humbug.jpg,https://imgflip.com/s/meme/Bah-Humbug.jpg
Sudden-Disgust-Danny.jpg,https://imgflip.com/s/meme/Sudden-Disgust-Danny.jpg
Bad-Advice-Cat.jpg,https://imgflip.com/s/meme/Bad-Advice-Cat.jpg
Kobe.jpg,https://imgflip.com/s/meme/Kobe.jpg
Really-Evil-College-Teacher.jpg,https://imgflip.com/s/meme/Really-Evil-College-Teacher.jpg
Angry-Birds-Pig.jpg,https://imgflip.com/s/meme/Angry-Birds-Pig.jpg
Error-404.jpg,https://imgflip.com/s/meme/Error-404.jpg
Minegishi-Minami.jpg,https://imgflip.com/s/meme/Minegishi-Minami.jpg
Booty-Warrior.jpg,https://imgflip.com/s/meme/Booty-Warrior.jpg
Got-Room-For-One-More.jpg,https://imgflip.com/s/meme/Got-Room-For-One-More.jpg
Fat-Val-Kilmer.jpg,https://imgflip.com/s/meme/Fat-Val-Kilmer.jpg
Big-Bird.jpg,https://imgflip.com/s/meme/Big-Bird.jpg
Nice-Guy-Loki.jpg,https://imgflip.com/s/meme/Nice-Guy-Loki.jpg
Criana.jpg,https://imgflip.com/s/meme/Criana.jpg
Aw-Yeah-Rage-Face.jpg,https://imgflip.com/s/meme/Aw-Yeah-Rage-Face.jpg
Success-Kid-Girl.jpg,https://imgflip.com/s/meme/Success-Kid-Girl.jpg
Crosseyed-Goku.jpg,https://imgflip.com/s/meme/Crosseyed-Goku.jpg
I-Lied-2.jpg,https://imgflip.com/s/meme/I-Lied-2.jpg
Photogenic-College-Football-Player.jpg,https://imgflip.com/s/meme/Photogenic-College-Football-Player.jpg
Questionable-Strategy-Kobe.jpg,https://imgflip.com/s/meme/Questionable-Strategy-Kobe.jpg
Depression-Dog.jpg,https://imgflip.com/s/meme/Depression-Dog.jpg
Arrogant-Rich-Man.jpg,https://imgflip.com/s/meme/Arrogant-Rich-Man.jpg
City-Bear.jpg,https://imgflip.com/s/meme/City-Bear.jpg
Socially-Awesome-Penguin.jpg,https://imgflip.com/s/meme/Socially-Awesome-Penguin.jpg
Guy-Fawkes.jpg,https://imgflip.com/s/meme/Guy-Fawkes.jpg
Grumpy-Cat-Halloween.jpg,https://imgflip.com/s/meme/Grumpy-Cat-Halloween.jpg
Friend-Zone-Fiona.jpg,https://imgflip.com/s/meme/Friend-Zone-Fiona.jpg
Sweaty-Concentrated-Rage-Face.jpg,https://imgflip.com/s/meme/Sweaty-Concentrated-Rage-Face.jpg
Foul-Bachelorette-Frog.jpg,https://imgflip.com/s/meme/Foul-Bachelorette-Frog.jpg
Memeo.jpg,https://imgflip.com/s/meme/Memeo.jpg
Good-Guy-Pizza-Rolls.jpg,https://imgflip.com/s/meme/Good-Guy-Pizza-Rolls.jpg
Grumpy-Cat-Top-Hat.jpg,https://imgflip.com/s/meme/Grumpy-Cat-Top-Hat.jpg
Pickup-Line-Panda.jpg,https://imgflip.com/s/meme/Pickup-Line-Panda.jpg
Crazy-Dawg.jpg,https://imgflip.com/s/meme/Crazy-Dawg.jpg
Lethal-Weapon-Danny-Glover.jpg,https://imgflip.com/s/meme/Lethal-Weapon-Danny-Glover.jpg
Jesus-Talking-To-Cool-Dude.jpg,https://imgflip.com/s/meme/Jesus-Talking-To-Cool-Dude.jpg
Paul-Wonder-Years.jpg,https://imgflip.com/s/meme/Paul-Wonder-Years.jpg
Art-Student-Owl.jpg,https://imgflip.com/s/meme/Art-Student-Owl.jpg
Zorg.jpg,https://imgflip.com/s/meme/Zorg.jpg
Brian-Griffin.jpg,https://imgflip.com/s/meme/Brian-Griffin.jpg
Smirk-Rage-Face.jpg,https://imgflip.com/s/meme/Smirk-Rage-Face.jpg
Not-Okay-Rage-Face.jpg,https://imgflip.com/s/meme/Not-Okay-Rage-Face.jpg
Original-I-Lied.jpg,https://imgflip.com/s/meme/Original-I-Lied.jpg
Forever-Alone-Christmas.jpg,https://imgflip.com/s/meme/Forever-Alone-Christmas.jpg
Hedonism-Bot.jpg,https://imgflip.com/s/meme/Hedonism-Bot.jpg
Chester-The-Cat.jpg,https://imgflip.com/s/meme/Chester-The-Cat.jpg
Blue-Futurama-Fry.jpg,https://imgflip.com/s/meme/Blue-Futurama-Fry.jpg
Dick-Cheney.jpg,https://imgflip.com/s/meme/Dick-Cheney.jpg
So-I-Got-That-Goin-For-Me-Which-Is-Nice-2.jpg,https://imgflip.com/s/meme/So-I-Got-That-Goin-For-Me-Which-Is-Nice-2.jpg
Harmless-Scout-Leader.jpg,https://imgflip.com/s/meme/Harmless-Scout-Leader.jpg
Gangster-Baby.jpg,https://imgflip.com/s/meme/Gangster-Baby.jpg
USA-Lifter.jpg,https://imgflip.com/s/meme/USA-Lifter.jpg
Alan-Greenspan.jpg,https://imgflip.com/s/meme/Alan-Greenspan.jpg
Obama-Cowboy-Hat.jpg,https://imgflip.com/s/meme/Obama-Cowboy-Hat.jpg
Fim-De-Semana.jpg,https://imgflip.com/s/meme/Fim-De-Semana.jpg
Hardworking-Guy.jpg,https://imgflip.com/s/meme/Hardworking-Guy.jpg
Saw-Fulla.jpg,https://imgflip.com/s/meme/Saw-Fulla.jpg
Tennis-Defeat.jpg,https://imgflip.com/s/meme/Tennis-Defeat.jpg
Manning-Broncos.jpg,https://imgflip.com/s/meme/Manning-Broncos.jpg
Duck-Face.jpg,https://imgflip.com/s/meme/Duck-Face.jpg
Nailed-It.jpg,https://imgflip.com/s/meme/Nailed-It.jpg
Merida-Brave.jpg,https://imgflip.com/s/meme/Merida-Brave.jpg
Rarity.jpg,https://imgflip.com/s/meme/Rarity.jpg
Angry-Chicken-Boss.jpg,https://imgflip.com/s/meme/Angry-Chicken-Boss.jpg
Ridiculously-Photogenic-Guy.jpg,https://imgflip.com/s/meme/Ridiculously-Photogenic-Guy.jpg
Harry-Potter-Ok.jpg,https://imgflip.com/s/meme/Harry-Potter-Ok.jpg
Bad-Wife-Worse-Mom.jpg,https://imgflip.com/s/meme/Bad-Wife-Worse-Mom.jpg
Super-Kami-Guru-Allows-This.jpg,https://imgflip.com/s/meme/Super-Kami-Guru-Allows-This.jpg
Innocent-Sasha.jpg,https://imgflip.com/s/meme/Innocent-Sasha.jpg
Beyonce-Superbowl-Yell.jpg,https://imgflip.com/s/meme/Beyonce-Superbowl-Yell.jpg
Downcast-Dark-Souls.jpg,https://imgflip.com/s/meme/Downcast-Dark-Souls.jpg
Overly-Attached-Father.jpg,https://imgflip.com/s/meme/Overly-Attached-Father.jpg
Oh-My-God-Orange.jpg,https://imgflip.com/s/meme/Oh-My-God-Orange.jpg
Sadly-I-Am-Only-An-Eel.jpg,https://imgflip.com/s/meme/Sadly-I-Am-Only-An-Eel.jpg
Overly-Suave-IT-Guy.jpg,https://imgflip.com/s/meme/Overly-Suave-IT-Guy.jpg
Little-Romney.jpg,https://imgflip.com/s/meme/Little-Romney.jpg
The-Critic.jpg,https://imgflip.com/s/meme/The-Critic.jpg
Dwight-Schrute-2.jpg,https://imgflip.com/s/meme/Dwight-Schrute-2.jpg
Solemn-Lumberjack.jpg,https://imgflip.com/s/meme/Solemn-Lumberjack.jpg
Pink-Escalade.jpg,https://imgflip.com/s/meme/Pink-Escalade.jpg
Determined-Guy-Rage-Face.jpg,https://imgflip.com/s/meme/Determined-Guy-Rage-Face.jpg
Britney-Spears.jpg,https://imgflip.com/s/meme/Britney-Spears.jpg
Brian-Williams-Was-There-3.jpg,https://imgflip.com/s/meme/Brian-Williams-Was-There-3.jpg
Maroney-And-Obama-Not-Impressed.jpg,https://imgflip.com/s/meme/Maroney-And-Obama-Not-Impressed.jpg
Paul-Ryan.jpg,https://imgflip.com/s/meme/Paul-Ryan.jpg
So-Many-Shirts.jpg,https://imgflip.com/s/meme/So-Many-Shirts.jpg
CURLEY.jpg,https://imgflip.com/s/meme/CURLEY.jpg
Tom-Hardy-.jpg,https://imgflip.com/s/meme/Tom-Hardy-.jpg
Foal-Of-Mine.jpg,https://imgflip.com/s/meme/Foal-Of-Mine.jpg
McKayla-Maroney-Not-Impressed2.jpg,https://imgflip.com/s/meme/McKayla-Maroney-Not-Impressed2.jpg
Big-Bird-And-Mitt-Romney.jpg,https://imgflip.com/s/meme/Big-Bird-And-Mitt-Romney.jpg
Hipster-Kitty.jpg,https://imgflip.com/s/meme/Hipster-Kitty.jpg
Scumbag-Redditor.jpg,https://imgflip.com/s/meme/Scumbag-Redditor.jpg
Bad-Luck-Hannah.jpg,https://imgflip.com/s/meme/Bad-Luck-Hannah.jpg
Rob-In-The-Hood.jpg,https://imgflip.com/s/meme/Rob-In-The-Hood.jpg
Fabulous-Frank-And-His-Snake.jpg,https://imgflip.com/s/meme/Fabulous-Frank-And-His-Snake.jpg
Hawkward.jpg,https://imgflip.com/s/meme/Hawkward.jpg
Surprised-CatMan.jpg,https://imgflip.com/s/meme/Surprised-CatMan.jpg
Too-Drunk-At-Party-Tina.jpg,https://imgflip.com/s/meme/Too-Drunk-At-Party-Tina.jpg
Scene-Wolf.jpg,https://imgflip.com/s/meme/Scene-Wolf.jpg
Scumbag-Daylight-Savings-Time.jpg,https://imgflip.com/s/meme/Scumbag-Daylight-Savings-Time.jpg
Bothered-Bond.jpg,https://imgflip.com/s/meme/Bothered-Bond.jpg
Sarcastic-Anthony.jpg,https://imgflip.com/s/meme/Sarcastic-Anthony.jpg
Stoner-PhD.jpg,https://imgflip.com/s/meme/Stoner-PhD.jpg
Beyonce-Knowles-Superbowl-Face.jpg,https://imgflip.com/s/meme/Beyonce-Knowles-Superbowl-Face.jpg
Helpful-Tyler-Durden.jpg,https://imgflip.com/s/meme/Helpful-Tyler-Durden.jpg
Tough-Guy-Wanna-Be.jpg,https://imgflip.com/s/meme/Tough-Guy-Wanna-Be.jpg
Advice-Peeta.jpg,https://imgflip.com/s/meme/Advice-Peeta.jpg
Crazy-Hispanic-Man.jpg,https://imgflip.com/s/meme/Crazy-Hispanic-Man.jpg
Jon-Stewart-Skeptical.jpg,https://imgflip.com/s/meme/Jon-Stewart-Skeptical.jpg
Idiotaco.jpg,https://imgflip.com/s/meme/Idiotaco.jpg
Muschamp.jpg,https://imgflip.com/s/meme/Muschamp.jpg
Wrong-Number-Rita.jpg,https://imgflip.com/s/meme/Wrong-Number-Rita.jpg
Felix-Baumgartner-Lulz.jpg,https://imgflip.com/s/meme/Felix-Baumgartner-Lulz.jpg
Simsimi.jpg,https://imgflip.com/s/meme/Simsimi.jpg
Happy-Minaj-2.jpg,https://imgflip.com/s/meme/Happy-Minaj-2.jpg
House-Bunny.jpg,https://imgflip.com/s/meme/House-Bunny.jpg
Are-Your-Parents-Brother-And-Sister.jpg,https://imgflip.com/s/meme/Are-Your-Parents-Brother-And-Sister.jpg
Jerkoff-Javert.jpg,https://imgflip.com/s/meme/Jerkoff-Javert.jpg
Im-Curious-Nappa.jpg,https://imgflip.com/s/meme/Im-Curious-Nappa.jpg
Mr-Black-Knows-Everything.jpg,https://imgflip.com/s/meme/Mr-Black-Knows-Everything.jpg
Grumpy-Cat-Mistletoe.jpg,https://imgflip.com/s/meme/Grumpy-Cat-Mistletoe.jpg
Brian-Burke-On-The-Phone.jpg,https://imgflip.com/s/meme/Brian-Burke-On-The-Phone.jpg
Derpina.jpg,https://imgflip.com/s/meme/Derpina.jpg
Speechless-Colbert-Face.jpg,https://imgflip.com/s/meme/Speechless-Colbert-Face.jpg
Herm-Edwards.jpg,https://imgflip.com/s/meme/Herm-Edwards.jpg
Patrick-Henry.jpg,https://imgflip.com/s/meme/Patrick-Henry.jpg
Shutup-Batty-Boy.jpg,https://imgflip.com/s/meme/Shutup-Batty-Boy.jpg
Superior-Wadsworth.jpg,https://imgflip.com/s/meme/Superior-Wadsworth.jpg
Gangnam-Style2.jpg,https://imgflip.com/s/meme/Gangnam-Style2.jpg
Hora-Extra.jpg,https://imgflip.com/s/meme/Hora-Extra.jpg
Barack-And-Kumar-2013.jpg,https://imgflip.com/s/meme/Barack-And-Kumar-2013.jpg
Ben-Barba-Pointing.jpg,https://imgflip.com/s/meme/Ben-Barba-Pointing.jpg
Selfish-Ozzy.jpg,https://imgflip.com/s/meme/Selfish-Ozzy.jpg
Family-Tech-Support-Guy.jpg,https://imgflip.com/s/meme/Family-Tech-Support-Guy.jpg
Jim-Lehrer-The-Man.jpg,https://imgflip.com/s/meme/Jim-Lehrer-The-Man.jpg
Legal-Bill-Murray.jpg,https://imgflip.com/s/meme/Legal-Bill-Murray.jpg
Crazy-Girlfriend-Praying-Mantis.jpg,https://imgflip.com/s/meme/Crazy-Girlfriend-Praying-Mantis.jpg
Photogenic-Scene-Guy.jpg,https://imgflip.com/s/meme/Photogenic-Scene-Guy.jpg
Gangnam-Style.jpg,https://imgflip.com/s/meme/Gangnam-Style.jpg
Perturbed-Portman.jpg,https://imgflip.com/s/meme/Perturbed-Portman.jpg
Contradictory-Chris.jpg,https://imgflip.com/s/meme/Contradictory-Chris.jpg
Vali-Corleone.jpg,https://imgflip.com/s/meme/Vali-Corleone.jpg
Misunderstood-Mitch.jpg,https://imgflip.com/s/meme/Misunderstood-Mitch.jpg
Skeptical-Swardson.jpg,https://imgflip.com/s/meme/Skeptical-Swardson.jpg
